{
  "version": 3,
  "targets": {
    ".NETFramework,Version=v4.6.1": {
      "AvalonEdit/5.0.3": {
        "type": "package",
        "compile": {
          "lib/Net40/_._": {}
        },
        "runtime": {
          "lib/Net40/ICSharpCode.AvalonEdit.dll": {}
        }
      },
      "BouncyCastle/1.8.2": {
        "type": "package",
        "compile": {
          "lib/_._": {}
        },
        "runtime": {
          "lib/BouncyCastle.Crypto.dll": {}
        }
      },
      "ClosedXML/0.94.2": {
        "type": "package",
        "dependencies": {
          "DocumentFormat.OpenXml": "2.7.2",
          "ExcelNumberFormat": "1.0.3",
          "FastMember": "1.3.0"
        },
        "frameworkAssemblies": [
          "WindowsBase"
        ],
        "compile": {
          "lib/net46/_._": {}
        },
        "runtime": {
          "lib/net46/ClosedXML.dll": {}
        }
      },
      "CredentialManagement/1.0.2": {
        "type": "package",
        "frameworkAssemblies": [
          "CredentialManagement"
        ],
        "compile": {
          "lib/net35/_._": {}
        },
        "runtime": {
          "lib/net35/CredentialManagement.dll": {}
        }
      },
      "CsvHelper/2.13.5": {
        "type": "package",
        "compile": {
          "lib/net40-client/_._": {}
        },
        "runtime": {
          "lib/net40-client/CsvHelper.dll": {}
        }
      },
      "DocumentFormat.OpenXml/2.7.2": {
        "type": "package",
        "dependencies": {
          "System.IO.Packaging": "4.0.0"
        },
        "compile": {
          "lib/net46/_._": {}
        },
        "runtime": {
          "lib/net46/DocumentFormat.OpenXml.dll": {}
        }
      },
      "ExcelNumberFormat/1.0.3": {
        "type": "package",
        "compile": {
          "lib/net20/_._": {}
        },
        "runtime": {
          "lib/net20/ExcelNumberFormat.dll": {}
        }
      },
      "Extended.Wpf.Toolkit/2.8.0": {
        "type": "package",
        "frameworkAssemblies": [
          "PresentationCore",
          "PresentationFramework",
          "System",
          "System.Xaml",
          "WindowsBase"
        ],
        "compile": {
          "lib/net40/_._": {}
        },
        "runtime": {
          "lib/net40/Xceed.Wpf.AvalonDock.Themes.Aero.dll": {},
          "lib/net40/Xceed.Wpf.AvalonDock.Themes.Metro.dll": {},
          "lib/net40/Xceed.Wpf.AvalonDock.Themes.VS2010.dll": {},
          "lib/net40/Xceed.Wpf.AvalonDock.dll": {},
          "lib/net40/Xceed.Wpf.DataGrid.dll": {},
          "lib/net40/Xceed.Wpf.Toolkit.dll": {}
        },
        "resource": {
          "lib/net40/de/Xceed.Wpf.AvalonDock.resources.dll": {
            "locale": "de"
          },
          "lib/net40/es/Xceed.Wpf.AvalonDock.resources.dll": {
            "locale": "es"
          },
          "lib/net40/fr/Xceed.Wpf.AvalonDock.resources.dll": {
            "locale": "fr"
          },
          "lib/net40/hu/Xceed.Wpf.AvalonDock.resources.dll": {
            "locale": "hu"
          },
          "lib/net40/it/Xceed.Wpf.AvalonDock.resources.dll": {
            "locale": "it"
          },
          "lib/net40/pt-BR/Xceed.Wpf.AvalonDock.resources.dll": {
            "locale": "pt-BR"
          },
          "lib/net40/ro/Xceed.Wpf.AvalonDock.resources.dll": {
            "locale": "ro"
          },
          "lib/net40/ru/Xceed.Wpf.AvalonDock.resources.dll": {
            "locale": "ru"
          },
          "lib/net40/sv/Xceed.Wpf.AvalonDock.resources.dll": {
            "locale": "sv"
          },
          "lib/net40/zh-Hans/Xceed.Wpf.AvalonDock.resources.dll": {
            "locale": "zh-Hans"
          }
        }
      },
      "FastMember/1.3.0": {
        "type": "package",
        "frameworkAssemblies": [
          "Microsoft.CSharp",
          "System",
          "System.Data"
        ],
        "compile": {
          "lib/net45/_._": {}
        },
        "runtime": {
          "lib/net45/FastMember.dll": {}
        }
      },
      "Humanizer.Core/2.4.2": {
        "type": "package",
        "compile": {
          "lib/netstandard2.0/_._": {}
        },
        "runtime": {
          "lib/netstandard2.0/Humanizer.dll": {}
        }
      },
      "Microsoft.AspNet.SignalR.Client/2.4.0": {
        "type": "package",
        "dependencies": {
          "Newtonsoft.Json": "6.0.4"
        },
        "frameworkAssemblies": [
          "System.Net.Http",
          "System.Net.Http.WebRequest"
        ],
        "compile": {
          "lib/net45/_._": {}
        },
        "runtime": {
          "lib/net45/Microsoft.AspNet.SignalR.Client.dll": {}
        }
      },
      "Microsoft.Graph/1.12.0": {
        "type": "package",
        "dependencies": {
          "Microsoft.Graph.Core": "1.12.0",
          "Newtonsoft.Json": "[6.0.1, 12.0.0)"
        },
        "frameworkAssemblies": [
          "Microsoft.CSharp",
          "System",
          "System.Net.Http"
        ],
        "compile": {
          "lib/net45/_._": {}
        },
        "runtime": {
          "lib/net45/Microsoft.Graph.dll": {}
        }
      },
      "Microsoft.Graph.Core/1.12.0": {
        "type": "package",
        "dependencies": {
          "Newtonsoft.Json": "[6.0.1, 12.0.0)"
        },
        "frameworkAssemblies": [
          "Microsoft.CSharp",
          "System",
          "System.Net.Http"
        ],
        "compile": {
          "lib/net45/_._": {}
        },
        "runtime": {
          "lib/net45/Microsoft.Graph.Core.dll": {}
        }
      },
      "Microsoft.Identity.Client/2.7.1": {
        "type": "package",
        "frameworkAssemblies": [
          "Microsoft.CSharp",
          "System",
          "System.Core",
          "System.Data",
          "System.Data.DataSetExtensions",
          "System.Drawing",
          "System.IdentityModel",
          "System.Net.Http",
          "System.Windows.Forms",
          "System.Xml",
          "System.Xml.Linq"
        ],
        "compile": {
          "ref/net45/_._": {}
        },
        "runtime": {
          "lib/net45/Microsoft.Identity.Client.dll": {}
        }
      },
      "Microsoft.Rest.ClientRuntime/2.3.20": {
        "type": "package",
        "dependencies": {
          "Newtonsoft.Json": "10.0.3"
        },
        "frameworkAssemblies": [
          "System.Net",
          "System.Net.Http",
          "System.Net.Http.WebRequest",
          "System.Runtime",
          "System.Runtime.Serialization"
        ],
        "compile": {
          "lib/net461/_._": {}
        },
        "runtime": {
          "lib/net461/Microsoft.Rest.ClientRuntime.dll": {}
        }
      },
      "Microsoft.VisualStudio.OLE.Interop/7.10.6071": {
        "type": "package",
        "compile": {
          "lib/_._": {}
        },
        "runtime": {
          "lib/Microsoft.VisualStudio.OLE.Interop.dll": {}
        }
      },
      "MimeKit/2.1.3": {
        "type": "package",
        "dependencies": {
          "BouncyCastle": "1.8.2"
        },
        "frameworkAssemblies": [
          "System",
          "System.Core",
          "System.Data",
          "System.Net.Http",
          "System.Security"
        ],
        "compile": {
          "lib/net45/_._": {}
        },
        "runtime": {
          "lib/net45/MimeKit.dll": {}
        }
      },
      "Newtonsoft.Json/11.0.2": {
        "type": "package",
        "compile": {
          "lib/net45/_._": {}
        },
        "runtime": {
          "lib/net45/Newtonsoft.Json.dll": {}
        }
      },
      "NPOI/2.4.1": {
        "type": "package",
        "dependencies": {
          "SharpZipLib": "1.0.0"
        },
        "compile": {
          "lib/net45/_._": {}
        },
        "runtime": {
          "lib/net45/NPOI.OOXML.dll": {},
          "lib/net45/NPOI.OpenXml4Net.dll": {},
          "lib/net45/NPOI.OpenXmlFormats.dll": {},
          "lib/net45/NPOI.dll": {}
        }
      },
      "SharpZipLib/1.0.0": {
        "type": "package",
        "compile": {
          "lib/net45/_._": {}
        },
        "runtime": {
          "lib/net45/ICSharpCode.SharpZipLib.dll": {}
        }
      },
      "System.IO.FileSystem.Primitives/4.0.1": {
        "type": "package",
        "frameworkAssemblies": [
          "mscorlib"
        ],
        "compile": {
          "ref/net46/_._": {}
        },
        "runtime": {
          "lib/net46/System.IO.FileSystem.Primitives.dll": {}
        }
      },
      "System.IO.Packaging/4.0.0": {
        "type": "package",
        "dependencies": {
          "System.IO.FileSystem.Primitives": "4.0.1"
        },
        "frameworkAssemblies": [
          "WindowsBase",
          "mscorlib"
        ],
        "compile": {
          "ref/net46/_._": {}
        },
        "runtime": {
          "lib/net46/System.IO.Packaging.dll": {}
        }
      },
      "System.Runtime.CompilerServices.Unsafe/4.5.1": {
        "type": "package",
        "compile": {
          "ref/netstandard2.0/_._": {}
        },
        "runtime": {
          "lib/netstandard2.0/System.Runtime.CompilerServices.Unsafe.dll": {}
        }
      },
      "UiPath/19.10.7312.25504": {
        "type": "package",
        "compile": {
          "lib/_._": {}
        },
        "runtime": {
          "lib/UiPath.Interop.dll": {}
        },
        "build": {
          "build/_._": {}
        }
      },
      "UiPath.Credentials.Activities/1.1.6479.13204": {
        "type": "package",
        "dependencies": {
          "CredentialManagement": "1.0.2"
        },
        "compile": {
          "lib/net40-client/_._": {}
        },
        "runtime": {
          "lib/net40-client/UiPath.Credentials.Activities.dll": {}
        }
      },
      "UiPath.Excel.Activities/2.7.2": {
        "type": "package",
        "dependencies": {
          "ClosedXML": "0.87.1",
          "CsvHelper": "2.13.5",
          "DocumentFormat.OpenXml": "2.5.0",
          "Microsoft.VisualStudio.OLE.Interop": "7.10.6071",
          "NPOI": "2.4.1",
          "SharpZipLib": "1.0.0"
        },
        "compile": {
          "lib/net461/_._": {}
        },
        "runtime": {
          "lib/net461/UiPath.Excel.Activities.Design.dll": {},
          "lib/net461/UiPath.Excel.Activities.dll": {},
          "lib/net461/UiPath.Excel.dll": {}
        },
        "resource": {
          "lib/net461/de/UiPath.Excel.Activities.Design.resources.dll": {
            "locale": "de"
          },
          "lib/net461/de/UiPath.Excel.Activities.resources.dll": {
            "locale": "de"
          },
          "lib/net461/de/UiPath.Excel.resources.dll": {
            "locale": "de"
          },
          "lib/net461/es-MX/UiPath.Excel.Activities.Design.resources.dll": {
            "locale": "es-MX"
          },
          "lib/net461/es-MX/UiPath.Excel.Activities.resources.dll": {
            "locale": "es-MX"
          },
          "lib/net461/es-MX/UiPath.Excel.resources.dll": {
            "locale": "es-MX"
          },
          "lib/net461/es/UiPath.Excel.Activities.Design.resources.dll": {
            "locale": "es"
          },
          "lib/net461/es/UiPath.Excel.Activities.resources.dll": {
            "locale": "es"
          },
          "lib/net461/es/UiPath.Excel.resources.dll": {
            "locale": "es"
          },
          "lib/net461/fr/UiPath.Excel.Activities.Design.resources.dll": {
            "locale": "fr"
          },
          "lib/net461/fr/UiPath.Excel.Activities.resources.dll": {
            "locale": "fr"
          },
          "lib/net461/fr/UiPath.Excel.resources.dll": {
            "locale": "fr"
          },
          "lib/net461/ja/UiPath.Excel.Activities.Design.resources.dll": {
            "locale": "ja"
          },
          "lib/net461/ja/UiPath.Excel.Activities.resources.dll": {
            "locale": "ja"
          },
          "lib/net461/ja/UiPath.Excel.resources.dll": {
            "locale": "ja"
          },
          "lib/net461/ko/UiPath.Excel.Activities.Design.resources.dll": {
            "locale": "ko"
          },
          "lib/net461/ko/UiPath.Excel.Activities.resources.dll": {
            "locale": "ko"
          },
          "lib/net461/ko/UiPath.Excel.resources.dll": {
            "locale": "ko"
          },
          "lib/net461/pt-BR/UiPath.Excel.Activities.Design.resources.dll": {
            "locale": "pt-BR"
          },
          "lib/net461/pt-BR/UiPath.Excel.Activities.resources.dll": {
            "locale": "pt-BR"
          },
          "lib/net461/pt-BR/UiPath.Excel.resources.dll": {
            "locale": "pt-BR"
          },
          "lib/net461/pt/UiPath.Excel.Activities.Design.resources.dll": {
            "locale": "pt"
          },
          "lib/net461/pt/UiPath.Excel.Activities.resources.dll": {
            "locale": "pt"
          },
          "lib/net461/pt/UiPath.Excel.resources.dll": {
            "locale": "pt"
          },
          "lib/net461/ru/UiPath.Excel.Activities.Design.resources.dll": {
            "locale": "ru"
          },
          "lib/net461/ru/UiPath.Excel.Activities.resources.dll": {
            "locale": "ru"
          },
          "lib/net461/ru/UiPath.Excel.resources.dll": {
            "locale": "ru"
          },
          "lib/net461/tr/UiPath.Excel.Activities.Design.resources.dll": {
            "locale": "tr"
          },
          "lib/net461/tr/UiPath.Excel.Activities.resources.dll": {
            "locale": "tr"
          },
          "lib/net461/tr/UiPath.Excel.resources.dll": {
            "locale": "tr"
          },
          "lib/net461/zh-CN/UiPath.Excel.Activities.Design.resources.dll": {
            "locale": "zh-CN"
          },
          "lib/net461/zh-CN/UiPath.Excel.Activities.resources.dll": {
            "locale": "zh-CN"
          },
          "lib/net461/zh-CN/UiPath.Excel.resources.dll": {
            "locale": "zh-CN"
          }
        }
      },
      "UiPath.MicrosoftOffice365.Activities/1.1.2": {
        "type": "package",
        "dependencies": {
          "ClosedXML": "0.94.2",
          "Microsoft.Graph": "1.12.0",
          "Microsoft.Identity.Client": "2.7.1",
          "MimeKit": "2.1.3",
          "Newtonsoft.Json": "10.0.3",
          "System.Runtime.CompilerServices.Unsafe": "4.5.1"
        },
        "compile": {
          "lib/net461/_._": {}
        },
        "runtime": {
          "lib/net461/UiPath.MicrosoftOffice365.Activities.Design.dll": {},
          "lib/net461/UiPath.MicrosoftOffice365.Activities.dll": {},
          "lib/net461/UiPath.MicrosoftOffice365.dll": {}
        },
        "resource": {
          "lib/net461/de/UiPath.MicrosoftOffice365.Activities.Design.resources.dll": {
            "locale": "de"
          },
          "lib/net461/de/UiPath.MicrosoftOffice365.Activities.resources.dll": {
            "locale": "de"
          },
          "lib/net461/de/UiPath.MicrosoftOffice365.resources.dll": {
            "locale": "de"
          },
          "lib/net461/es-MX/UiPath.MicrosoftOffice365.Activities.Design.resources.dll": {
            "locale": "es-MX"
          },
          "lib/net461/es-MX/UiPath.MicrosoftOffice365.Activities.resources.dll": {
            "locale": "es-MX"
          },
          "lib/net461/es-MX/UiPath.MicrosoftOffice365.resources.dll": {
            "locale": "es-MX"
          },
          "lib/net461/es/UiPath.MicrosoftOffice365.Activities.Design.resources.dll": {
            "locale": "es"
          },
          "lib/net461/es/UiPath.MicrosoftOffice365.Activities.resources.dll": {
            "locale": "es"
          },
          "lib/net461/es/UiPath.MicrosoftOffice365.resources.dll": {
            "locale": "es"
          },
          "lib/net461/fr/UiPath.MicrosoftOffice365.Activities.Design.resources.dll": {
            "locale": "fr"
          },
          "lib/net461/fr/UiPath.MicrosoftOffice365.Activities.resources.dll": {
            "locale": "fr"
          },
          "lib/net461/fr/UiPath.MicrosoftOffice365.resources.dll": {
            "locale": "fr"
          },
          "lib/net461/ja/UiPath.MicrosoftOffice365.Activities.Design.resources.dll": {
            "locale": "ja"
          },
          "lib/net461/ja/UiPath.MicrosoftOffice365.Activities.resources.dll": {
            "locale": "ja"
          },
          "lib/net461/ja/UiPath.MicrosoftOffice365.resources.dll": {
            "locale": "ja"
          },
          "lib/net461/ko/UiPath.MicrosoftOffice365.Activities.Design.resources.dll": {
            "locale": "ko"
          },
          "lib/net461/ko/UiPath.MicrosoftOffice365.Activities.resources.dll": {
            "locale": "ko"
          },
          "lib/net461/ko/UiPath.MicrosoftOffice365.resources.dll": {
            "locale": "ko"
          },
          "lib/net461/pt-BR/UiPath.MicrosoftOffice365.Activities.Design.resources.dll": {
            "locale": "pt-BR"
          },
          "lib/net461/pt-BR/UiPath.MicrosoftOffice365.Activities.resources.dll": {
            "locale": "pt-BR"
          },
          "lib/net461/pt-BR/UiPath.MicrosoftOffice365.resources.dll": {
            "locale": "pt-BR"
          },
          "lib/net461/pt/UiPath.MicrosoftOffice365.Activities.Design.resources.dll": {
            "locale": "pt"
          },
          "lib/net461/pt/UiPath.MicrosoftOffice365.Activities.resources.dll": {
            "locale": "pt"
          },
          "lib/net461/pt/UiPath.MicrosoftOffice365.resources.dll": {
            "locale": "pt"
          },
          "lib/net461/ru/UiPath.MicrosoftOffice365.Activities.Design.resources.dll": {
            "locale": "ru"
          },
          "lib/net461/ru/UiPath.MicrosoftOffice365.Activities.resources.dll": {
            "locale": "ru"
          },
          "lib/net461/ru/UiPath.MicrosoftOffice365.resources.dll": {
            "locale": "ru"
          },
          "lib/net461/tr/UiPath.MicrosoftOffice365.Activities.Design.resources.dll": {
            "locale": "tr"
          },
          "lib/net461/tr/UiPath.MicrosoftOffice365.Activities.resources.dll": {
            "locale": "tr"
          },
          "lib/net461/tr/UiPath.MicrosoftOffice365.resources.dll": {
            "locale": "tr"
          },
          "lib/net461/zh-CN/UiPath.MicrosoftOffice365.Activities.Design.resources.dll": {
            "locale": "zh-CN"
          },
          "lib/net461/zh-CN/UiPath.MicrosoftOffice365.Activities.resources.dll": {
            "locale": "zh-CN"
          },
          "lib/net461/zh-CN/UiPath.MicrosoftOffice365.resources.dll": {
            "locale": "zh-CN"
          }
        }
      },
      "UiPath.OCR.Contracts/2.2.1": {
        "type": "package",
        "compile": {
          "lib/net45/_._": {}
        },
        "runtime": {
          "lib/net45/UiPath.OCR.Contracts.dll": {}
        }
      },
      "UiPath.System.Activities/19.10.1": {
        "type": "package",
        "dependencies": {
          "CsvHelper": "2.13.5",
          "Microsoft.AspNet.SignalR.Client": "2.4.0",
          "Microsoft.Rest.ClientRuntime": "2.3.20",
          "Newtonsoft.Json": "11.0.2"
        },
        "compile": {
          "lib/net461/_._": {}
        },
        "runtime": {
          "lib/net461/ActiproSoftware.Docking.Wpf.dll": {},
          "lib/net461/ActiproSoftware.Ribbon.Wpf.dll": {},
          "lib/net461/ActiproSoftware.Shared.Wpf.dll": {},
          "lib/net461/ActiproSoftware.SyntaxEditor.Addons.DotNet.Wpf.dll": {},
          "lib/net461/ActiproSoftware.SyntaxEditor.Wpf.dll": {},
          "lib/net461/ActiproSoftware.Text.Addons.DotNet.Wpf.dll": {},
          "lib/net461/ActiproSoftware.Text.LLParser.Wpf.dll": {},
          "lib/net461/ActiproSoftware.Text.Wpf.dll": {},
          "lib/net461/ActiproSoftware.Wizard.Wpf.dll": {},
          "lib/net461/CustomInputForm.exe": {},
          "lib/net461/UiPath.OrchestratorClient.dll": {},
          "lib/net461/UiPath.System.Activities.Design.dll": {},
          "lib/net461/UiPath.System.Activities.dll": {}
        },
        "resource": {
          "lib/net461/de/UiPath.System.Activities.Design.resources.dll": {
            "locale": "de"
          },
          "lib/net461/de/UiPath.System.Activities.resources.dll": {
            "locale": "de"
          },
          "lib/net461/es-MX/UiPath.System.Activities.Design.resources.dll": {
            "locale": "es-MX"
          },
          "lib/net461/es-MX/UiPath.System.Activities.resources.dll": {
            "locale": "es-MX"
          },
          "lib/net461/es/UiPath.System.Activities.Design.resources.dll": {
            "locale": "es"
          },
          "lib/net461/es/UiPath.System.Activities.resources.dll": {
            "locale": "es"
          },
          "lib/net461/fr/UiPath.System.Activities.Design.resources.dll": {
            "locale": "fr"
          },
          "lib/net461/fr/UiPath.System.Activities.resources.dll": {
            "locale": "fr"
          },
          "lib/net461/ja/UiPath.System.Activities.Design.resources.dll": {
            "locale": "ja"
          },
          "lib/net461/ja/UiPath.System.Activities.resources.dll": {
            "locale": "ja"
          },
          "lib/net461/ko/UiPath.System.Activities.Design.resources.dll": {
            "locale": "ko"
          },
          "lib/net461/ko/UiPath.System.Activities.resources.dll": {
            "locale": "ko"
          },
          "lib/net461/pt-BR/UiPath.System.Activities.Design.resources.dll": {
            "locale": "pt-BR"
          },
          "lib/net461/pt-BR/UiPath.System.Activities.resources.dll": {
            "locale": "pt-BR"
          },
          "lib/net461/pt/UiPath.System.Activities.Design.resources.dll": {
            "locale": "pt"
          },
          "lib/net461/pt/UiPath.System.Activities.resources.dll": {
            "locale": "pt"
          },
          "lib/net461/ru/UiPath.System.Activities.Design.resources.dll": {
            "locale": "ru"
          },
          "lib/net461/ru/UiPath.System.Activities.resources.dll": {
            "locale": "ru"
          },
          "lib/net461/tr/UiPath.System.Activities.Design.resources.dll": {
            "locale": "tr"
          },
          "lib/net461/tr/UiPath.System.Activities.resources.dll": {
            "locale": "tr"
          },
          "lib/net461/zh-CN/UiPath.System.Activities.Design.resources.dll": {
            "locale": "zh-CN"
          },
          "lib/net461/zh-CN/UiPath.System.Activities.resources.dll": {
            "locale": "zh-CN"
          }
        }
      },
      "UiPath.UIAutomation.Activities/19.11.1": {
        "type": "package",
        "dependencies": {
          "AvalonEdit": "5.0.3",
          "Extended.Wpf.Toolkit": "2.8.0",
          "Humanizer.Core": "2.4.2",
          "Newtonsoft.Json": "11.0.2",
          "UiPath": "19.10.7312.25504",
          "UiPath.OCR.Contracts": "2.2.1",
          "UiPath.Vision": "2.0.0"
        },
        "compile": {
          "lib/net461/_._": {}
        },
        "runtime": {
          "lib/net461/ActiproSoftware.DataGrid.Contrib.Wpf.dll": {},
          "lib/net461/ActiproSoftware.Docking.Wpf.dll": {},
          "lib/net461/ActiproSoftware.Editors.Wpf.dll": {},
          "lib/net461/ActiproSoftware.Ribbon.Wpf.dll": {},
          "lib/net461/ActiproSoftware.Shared.Wpf.dll": {},
          "lib/net461/ActiproSoftware.SyntaxEditor.Addons.DotNet.Wpf.dll": {},
          "lib/net461/ActiproSoftware.SyntaxEditor.Wpf.dll": {},
          "lib/net461/ActiproSoftware.Text.Addons.DotNet.Wpf.dll": {},
          "lib/net461/ActiproSoftware.Text.LLParser.Wpf.dll": {},
          "lib/net461/ActiproSoftware.Text.Wpf.dll": {},
          "lib/net461/ActiproSoftware.Wizard.Wpf.dll": {},
          "lib/net461/UiPath.CV.Activities.Design.dll": {},
          "lib/net461/UiPath.CV.Activities.dll": {},
          "lib/net461/UiPath.CV.dll": {},
          "lib/net461/UiPath.UIAutomation.Activities.Design.dll": {},
          "lib/net461/UiPath.UiAutomation.Activities.dll": {},
          "lib/net461/UiPath.Wizards.dll": {}
        },
        "resource": {
          "lib/net461/de/UiPath.CV.Activities.Design.resources.dll": {
            "locale": "de"
          },
          "lib/net461/de/UiPath.CV.Activities.resources.dll": {
            "locale": "de"
          },
          "lib/net461/de/UiPath.CV.resources.dll": {
            "locale": "de"
          },
          "lib/net461/de/UiPath.UIAutomation.Activities.Design.resources.dll": {
            "locale": "de"
          },
          "lib/net461/de/UiPath.UiAutomation.Activities.resources.dll": {
            "locale": "de"
          },
          "lib/net461/de/UiPath.Wizards.resources.dll": {
            "locale": "de"
          },
          "lib/net461/es-MX/UiPath.CV.Activities.Design.resources.dll": {
            "locale": "es-MX"
          },
          "lib/net461/es-MX/UiPath.CV.Activities.resources.dll": {
            "locale": "es-MX"
          },
          "lib/net461/es-MX/UiPath.CV.resources.dll": {
            "locale": "es-MX"
          },
          "lib/net461/es-MX/UiPath.UIAutomation.Activities.Design.resources.dll": {
            "locale": "es-MX"
          },
          "lib/net461/es-MX/UiPath.UiAutomation.Activities.resources.dll": {
            "locale": "es-MX"
          },
          "lib/net461/es-MX/UiPath.Wizards.resources.dll": {
            "locale": "es-MX"
          },
          "lib/net461/es/UiPath.CV.Activities.Design.resources.dll": {
            "locale": "es"
          },
          "lib/net461/es/UiPath.CV.Activities.resources.dll": {
            "locale": "es"
          },
          "lib/net461/es/UiPath.CV.resources.dll": {
            "locale": "es"
          },
          "lib/net461/es/UiPath.UIAutomation.Activities.Design.resources.dll": {
            "locale": "es"
          },
          "lib/net461/es/UiPath.UiAutomation.Activities.resources.dll": {
            "locale": "es"
          },
          "lib/net461/es/UiPath.Wizards.resources.dll": {
            "locale": "es"
          },
          "lib/net461/fr/UiPath.CV.Activities.Design.resources.dll": {
            "locale": "fr"
          },
          "lib/net461/fr/UiPath.CV.Activities.resources.dll": {
            "locale": "fr"
          },
          "lib/net461/fr/UiPath.CV.resources.dll": {
            "locale": "fr"
          },
          "lib/net461/fr/UiPath.UIAutomation.Activities.Design.resources.dll": {
            "locale": "fr"
          },
          "lib/net461/fr/UiPath.UiAutomation.Activities.resources.dll": {
            "locale": "fr"
          },
          "lib/net461/fr/UiPath.Wizards.resources.dll": {
            "locale": "fr"
          },
          "lib/net461/ja/UiPath.CV.Activities.Design.resources.dll": {
            "locale": "ja"
          },
          "lib/net461/ja/UiPath.CV.Activities.resources.dll": {
            "locale": "ja"
          },
          "lib/net461/ja/UiPath.CV.resources.dll": {
            "locale": "ja"
          },
          "lib/net461/ja/UiPath.UIAutomation.Activities.Design.resources.dll": {
            "locale": "ja"
          },
          "lib/net461/ja/UiPath.UiAutomation.Activities.resources.dll": {
            "locale": "ja"
          },
          "lib/net461/ja/UiPath.Wizards.resources.dll": {
            "locale": "ja"
          },
          "lib/net461/ko/UiPath.CV.Activities.Design.resources.dll": {
            "locale": "ko"
          },
          "lib/net461/ko/UiPath.CV.Activities.resources.dll": {
            "locale": "ko"
          },
          "lib/net461/ko/UiPath.CV.resources.dll": {
            "locale": "ko"
          },
          "lib/net461/ko/UiPath.UIAutomation.Activities.Design.resources.dll": {
            "locale": "ko"
          },
          "lib/net461/ko/UiPath.UiAutomation.Activities.resources.dll": {
            "locale": "ko"
          },
          "lib/net461/ko/UiPath.Wizards.resources.dll": {
            "locale": "ko"
          },
          "lib/net461/pt-BR/UiPath.CV.Activities.Design.resources.dll": {
            "locale": "pt-BR"
          },
          "lib/net461/pt-BR/UiPath.CV.Activities.resources.dll": {
            "locale": "pt-BR"
          },
          "lib/net461/pt-BR/UiPath.CV.resources.dll": {
            "locale": "pt-BR"
          },
          "lib/net461/pt-BR/UiPath.UIAutomation.Activities.Design.resources.dll": {
            "locale": "pt-BR"
          },
          "lib/net461/pt-BR/UiPath.UiAutomation.Activities.resources.dll": {
            "locale": "pt-BR"
          },
          "lib/net461/pt-BR/UiPath.Wizards.resources.dll": {
            "locale": "pt-BR"
          },
          "lib/net461/pt/UiPath.CV.Activities.Design.resources.dll": {
            "locale": "pt"
          },
          "lib/net461/pt/UiPath.CV.Activities.resources.dll": {
            "locale": "pt"
          },
          "lib/net461/pt/UiPath.CV.resources.dll": {
            "locale": "pt"
          },
          "lib/net461/pt/UiPath.UIAutomation.Activities.Design.resources.dll": {
            "locale": "pt"
          },
          "lib/net461/pt/UiPath.UiAutomation.Activities.resources.dll": {
            "locale": "pt"
          },
          "lib/net461/pt/UiPath.Wizards.resources.dll": {
            "locale": "pt"
          },
          "lib/net461/ru/UiPath.CV.Activities.Design.resources.dll": {
            "locale": "ru"
          },
          "lib/net461/ru/UiPath.CV.Activities.resources.dll": {
            "locale": "ru"
          },
          "lib/net461/ru/UiPath.CV.resources.dll": {
            "locale": "ru"
          },
          "lib/net461/ru/UiPath.UIAutomation.Activities.Design.resources.dll": {
            "locale": "ru"
          },
          "lib/net461/ru/UiPath.UiAutomation.Activities.resources.dll": {
            "locale": "ru"
          },
          "lib/net461/ru/UiPath.Wizards.resources.dll": {
            "locale": "ru"
          },
          "lib/net461/tr/UiPath.CV.Activities.Design.resources.dll": {
            "locale": "tr"
          },
          "lib/net461/tr/UiPath.CV.Activities.resources.dll": {
            "locale": "tr"
          },
          "lib/net461/tr/UiPath.CV.resources.dll": {
            "locale": "tr"
          },
          "lib/net461/tr/UiPath.UIAutomation.Activities.Design.resources.dll": {
            "locale": "tr"
          },
          "lib/net461/tr/UiPath.UiAutomation.Activities.resources.dll": {
            "locale": "tr"
          },
          "lib/net461/tr/UiPath.Wizards.resources.dll": {
            "locale": "tr"
          },
          "lib/net461/zh-CN/UiPath.CV.Activities.Design.resources.dll": {
            "locale": "zh-CN"
          },
          "lib/net461/zh-CN/UiPath.CV.Activities.resources.dll": {
            "locale": "zh-CN"
          },
          "lib/net461/zh-CN/UiPath.CV.resources.dll": {
            "locale": "zh-CN"
          },
          "lib/net461/zh-CN/UiPath.UIAutomation.Activities.Design.resources.dll": {
            "locale": "zh-CN"
          },
          "lib/net461/zh-CN/UiPath.UiAutomation.Activities.resources.dll": {
            "locale": "zh-CN"
          },
          "lib/net461/zh-CN/UiPath.Wizards.resources.dll": {
            "locale": "zh-CN"
          }
        }
      },
      "UiPath.Vision/2.0.0": {
        "type": "package",
        "dependencies": {
          "UiPath.OCR.Contracts": "2.2.1"
        },
        "compile": {
          "lib/net452/_._": {}
        },
        "runtime": {
          "lib/net452/UiPath.Vision.Core.dll": {},
          "lib/net452/UiPath.Vision.dll": {}
        }
      }
    }
  },
  "libraries": {
    "AvalonEdit/5.0.3": {
      "sha512": "L5CgXRniZRxI/tjoBztVgZnvTL1F/qKrRJa+Q88I0Gl78WRNaqdMkuOlkAsOHTauBGZSQNDO0/X+xIpzfzmLdQ==",
      "type": "package",
      "path": "avalonedit/5.0.3",
      "files": [
        ".nupkg.metadata",
        ".signature.p7s",
        "avalonedit.5.0.3.nupkg.sha512",
        "avalonedit.nuspec",
        "lib/Net35/ICSharpCode.AvalonEdit.dll",
        "lib/Net35/ICSharpCode.AvalonEdit.xml",
        "lib/Net40/ICSharpCode.AvalonEdit.dll",
        "lib/Net40/ICSharpCode.AvalonEdit.xml"
      ]
    },
    "BouncyCastle/1.8.2": {
      "sha512": "1VNcrEowB9ucPhsZRENMx4GFbzJSvQ8P0XF+ZEEMfam8loKVRBPVZVjwVHx95lEs2NF6QSeED8WIQhoQ02q9PQ==",
      "type": "package",
      "path": "bouncycastle/1.8.2",
      "files": [
        ".nupkg.metadata",
        ".signature.p7s",
        "README.md",
        "bouncycastle.1.8.2.nupkg.sha512",
        "bouncycastle.nuspec",
        "lib/BouncyCastle.Crypto.dll"
      ]
    },
    "ClosedXML/0.94.2": {
      "sha512": "ldiDZySdXA+AKz0UzVCBeeBadCc9wKf4pJPmz3pJEMqr1XjUw/YZ/jpys7SsP+W57OZ09245MFW0ZokCtAk+UQ==",
      "type": "package",
      "path": "closedxml/0.94.2",
      "files": [
        ".nupkg.metadata",
        ".signature.p7s",
        "closedxml.0.94.2.nupkg.sha512",
        "closedxml.nuspec",
        "lib/net40/ClosedXML.dll",
        "lib/net40/ClosedXML.pdb",
        "lib/net40/ClosedXML.xml",
        "lib/net46/ClosedXML.dll",
        "lib/net46/ClosedXML.pdb",
        "lib/net46/ClosedXML.xml",
        "lib/netstandard2.0/ClosedXML.dll",
        "lib/netstandard2.0/ClosedXML.pdb",
        "lib/netstandard2.0/ClosedXML.xml"
      ]
    },
    "CredentialManagement/1.0.2": {
      "sha512": "VkP04/jFXaxT3TkcRhzETYtOrznQxRmQ2J1XJdbXz47Bir7hIzPR7mFZk4GJQ4An4gozW+vonpf+iqTHomAkQw==",
      "type": "package",
      "path": "credentialmanagement/1.0.2",
      "files": [
        ".nupkg.metadata",
        "credentialmanagement.1.0.2.nupkg.sha512",
        "credentialmanagement.nuspec",
        "lib/net35/CredentialManagement.dll"
      ]
    },
    "CsvHelper/2.13.5": {
      "sha512": "fC8DPi/YTcZ8uXFiAeuT9EpsR2TE5cSJ2jg/4tht/Oen6az/djebpYoCQEtI33RfNrSZ533SedOknlWtUTX3fw==",
      "type": "package",
      "path": "csvhelper/2.13.5",
      "files": [
        ".nupkg.metadata",
        ".signature.p7s",
        "csvhelper.2.13.5.nupkg.sha512",
        "csvhelper.nuspec",
        "lib/net20/CsvHelper.dll",
        "lib/net20/CsvHelper.pdb",
        "lib/net20/CsvHelper.xml",
        "lib/net35-client/CsvHelper.dll",
        "lib/net35-client/CsvHelper.pdb",
        "lib/net35-client/CsvHelper.xml",
        "lib/net40-client/CsvHelper.dll",
        "lib/net40-client/CsvHelper.pdb",
        "lib/net40-client/CsvHelper.xml",
        "lib/portable-net40+sl5+win8+wpa+wp8/CsvHelper.dll",
        "lib/portable-net40+sl5+win8+wpa+wp8/CsvHelper.pdb",
        "lib/portable-net40+sl5+win8+wpa+wp8/CsvHelper.xml"
      ]
    },
    "DocumentFormat.OpenXml/2.7.2": {
      "sha512": "tWT7iu0ab9PNoMTWjv24rt+qnyqvcnPOYs167vPnk4aegAYSAxoUjwNW+VxY8xoLtJntQ/JlWTi7Vt+8TghLlQ==",
      "type": "package",
      "path": "documentformat.openxml/2.7.2",
      "files": [
        ".nupkg.metadata",
        ".signature.p7s",
        "documentformat.openxml.2.7.2.nupkg.sha512",
        "documentformat.openxml.nuspec",
        "lib/net35/DocumentFormat.OpenXml.dll",
        "lib/net35/DocumentFormat.OpenXml.xml",
        "lib/net40/DocumentFormat.OpenXml.dll",
        "lib/net40/DocumentFormat.OpenXml.xml",
        "lib/net46/DocumentFormat.OpenXml.dll",
        "lib/net46/DocumentFormat.OpenXml.xml",
        "lib/netstandard1.3/DocumentFormat.OpenXml.dll",
        "lib/netstandard1.3/DocumentFormat.OpenXml.xml"
      ]
    },
    "ExcelNumberFormat/1.0.3": {
      "sha512": "ZPF7p4+qUJA6KKHoCTbzCEFZ0G4U8g3lusma5MFNy+NSqR165Z16Z5c1vRE/pKfQxVNGkGHfJtj/xmArenwj/w==",
      "type": "package",
      "path": "excelnumberformat/1.0.3",
      "files": [
        ".nupkg.metadata",
        ".signature.p7s",
        "excelnumberformat.1.0.3.nupkg.sha512",
        "excelnumberformat.nuspec",
        "lib/net20/ExcelNumberFormat.dll",
        "lib/net20/ExcelNumberFormat.xml",
        "lib/netstandard1.0/ExcelNumberFormat.dll",
        "lib/netstandard1.0/ExcelNumberFormat.xml"
      ]
    },
    "Extended.Wpf.Toolkit/2.8.0": {
      "sha512": "wKjJl4sDyXTVzgiKTBTw8jT0/3OwpEklQuWGe1Nz2HX0joiBeUzIurY2mnERni+8XHwateRcuks6yk/cuR22fA==",
      "type": "package",
      "path": "extended.wpf.toolkit/2.8.0",
      "hasTools": true,
      "files": [
        ".nupkg.metadata",
        ".signature.p7s",
        "extended.wpf.toolkit.2.8.0.nupkg.sha512",
        "extended.wpf.toolkit.nuspec",
        "lib/net35/WPFToolkit.dll",
        "lib/net35/Xceed.Wpf.Toolkit.dll",
        "lib/net40/Xceed.Wpf.AvalonDock.Themes.Aero.dll",
        "lib/net40/Xceed.Wpf.AvalonDock.Themes.Metro.dll",
        "lib/net40/Xceed.Wpf.AvalonDock.Themes.VS2010.dll",
        "lib/net40/Xceed.Wpf.AvalonDock.dll",
        "lib/net40/Xceed.Wpf.DataGrid.dll",
        "lib/net40/Xceed.Wpf.Toolkit.dll",
        "lib/net40/de/Xceed.Wpf.AvalonDock.resources.dll",
        "lib/net40/es/Xceed.Wpf.AvalonDock.resources.dll",
        "lib/net40/fr/Xceed.Wpf.AvalonDock.resources.dll",
        "lib/net40/hu/Xceed.Wpf.AvalonDock.resources.dll",
        "lib/net40/it/Xceed.Wpf.AvalonDock.resources.dll",
        "lib/net40/pt-BR/Xceed.Wpf.AvalonDock.resources.dll",
        "lib/net40/ro/Xceed.Wpf.AvalonDock.resources.dll",
        "lib/net40/ru/Xceed.Wpf.AvalonDock.resources.dll",
        "lib/net40/sv/Xceed.Wpf.AvalonDock.resources.dll",
        "lib/net40/zh-Hans/Xceed.Wpf.AvalonDock.resources.dll",
        "tools/install.ps1"
      ]
    },
    "FastMember/1.3.0": {
      "sha512": "AmB/DQoEvpbs6zDUjOk0pRhewKrvhZ+8mSK/8GrcmvkX7/HKjJxXtosmu5AXE9Lxw5cSZ0onnl27bb9J3bcp1A==",
      "type": "package",
      "path": "fastmember/1.3.0",
      "files": [
        ".nupkg.metadata",
        ".signature.p7s",
        "fastmember.1.3.0.nupkg.sha512",
        "fastmember.nuspec",
        "lib/net40/FastMember.dll",
        "lib/net45/FastMember.dll",
        "lib/netstandard1.5/FastMember.dll",
        "lib/netstandard2.0/FastMember.dll"
      ]
    },
    "Humanizer.Core/2.4.2": {
      "sha512": "1ZKy7LHVYuhmM398hpvyWCcc2Fcx+hqiGYASELDthjWhVrsA6IabYnHRfkQFF6nGG6x4fA1D0StDX/U2Pj+FdQ==",
      "type": "package",
      "path": "humanizer.core/2.4.2",
      "files": [
        ".nupkg.metadata",
        ".signature.p7s",
        "humanizer.core.2.4.2.nupkg.sha512",
        "humanizer.core.nuspec",
        "lib/netstandard1.0/Humanizer.dll",
        "lib/netstandard1.0/Humanizer.xml",
        "lib/netstandard2.0/Humanizer.dll",
        "lib/netstandard2.0/Humanizer.xml"
      ]
    },
    "Microsoft.AspNet.SignalR.Client/2.4.0": {
      "sha512": "xGoQq9dEsBU49U1Whl0To2JyRQePmo8ayYS8VNruLlQaX+fQBzYyLJeMlW9r7mlt8Vc9JP+083m9pKrfYpdDbg==",
      "type": "package",
      "path": "microsoft.aspnet.signalr.client/2.4.0",
      "files": [
        ".nupkg.metadata",
        ".signature.p7s",
        "lib/net40/Microsoft.AspNet.SignalR.Client.dll",
        "lib/net40/Microsoft.AspNet.SignalR.Client.pdb",
        "lib/net40/Microsoft.AspNet.SignalR.Client.xml",
        "lib/net45/Microsoft.AspNet.SignalR.Client.dll",
        "lib/net45/Microsoft.AspNet.SignalR.Client.pdb",
        "lib/net45/Microsoft.AspNet.SignalR.Client.xml",
        "lib/netstandard1.3/Microsoft.AspNet.SignalR.Client.dll",
        "lib/netstandard1.3/Microsoft.AspNet.SignalR.Client.pdb",
        "lib/netstandard1.3/Microsoft.AspNet.SignalR.Client.xml",
        "lib/netstandard2.0/Microsoft.AspNet.SignalR.Client.dll",
        "lib/netstandard2.0/Microsoft.AspNet.SignalR.Client.pdb",
        "lib/netstandard2.0/Microsoft.AspNet.SignalR.Client.xml",
        "microsoft.aspnet.signalr.client.2.4.0.nupkg.sha512",
        "microsoft.aspnet.signalr.client.nuspec"
      ]
    },
    "Microsoft.Graph/1.12.0": {
      "sha512": "DSgbTfqHHVDB7ceIIgtcsuaoN06IqgBDaLsvQov8Lw91BGee5qDMZHPPH6v7VqmIkKBZF3/EcwbgosIlG65edA==",
      "type": "package",
      "path": "microsoft.graph/1.12.0",
      "files": [
        ".nupkg.metadata",
        ".signature.p7s",
        "lib/net45/Microsoft.Graph.dll",
        "lib/net45/Microsoft.Graph.xml",
        "lib/netstandard1.1/Microsoft.Graph.dll",
        "lib/netstandard1.1/Microsoft.Graph.xml",
        "microsoft.graph.1.12.0.nupkg.sha512",
        "microsoft.graph.nuspec"
      ]
    },
    "Microsoft.Graph.Core/1.12.0": {
      "sha512": "iG4S+eUng09zF9JQcGGnXxDca3hAseT/a1u2Mz2sjNS62C9oahMvD0soj2cp0Q6adliVx/giXyD9o/TGho+BtQ==",
      "type": "package",
      "path": "microsoft.graph.core/1.12.0",
      "files": [
        ".nupkg.metadata",
        ".signature.p7s",
        "lib/net45/Microsoft.Graph.Core.dll",
        "lib/net45/Microsoft.Graph.Core.xml",
        "lib/netstandard1.1/Microsoft.Graph.Core.dll",
        "lib/netstandard1.1/Microsoft.Graph.Core.xml",
        "microsoft.graph.core.1.12.0.nupkg.sha512",
        "microsoft.graph.core.nuspec"
      ]
    },
    "Microsoft.Identity.Client/2.7.1": {
      "sha512": "R0Bh+DVQkB9w9hKm5DhGMle1kMGPnuLMHJYLhOIAoZp9JCieMm5PEhu/is1v/C3n6KnPvUEwg8M100McNRnm5A==",
      "type": "package",
      "path": "microsoft.identity.client/2.7.1",
      "files": [
        ".nupkg.metadata",
        ".signature.p7s",
        "lib/monoandroid81/Microsoft.Identity.Client.dll",
        "lib/monoandroid81/Microsoft.Identity.Client.xml",
        "lib/net45/Microsoft.Identity.Client.dll",
        "lib/net45/Microsoft.Identity.Client.xml",
        "lib/netcoreapp1.0/Microsoft.Identity.Client.dll",
        "lib/netcoreapp1.0/Microsoft.Identity.Client.xml",
        "lib/netstandard1.3/Microsoft.Identity.Client.dll",
        "lib/netstandard1.3/Microsoft.Identity.Client.xml",
        "lib/uap10.0/Microsoft.Identity.Client.dll",
        "lib/uap10.0/Microsoft.Identity.Client.pri",
        "lib/uap10.0/Microsoft.Identity.Client.xml",
        "lib/xamarinios10/Microsoft.Identity.Client.dll",
        "lib/xamarinios10/Microsoft.Identity.Client.xml",
        "lib/xamarinmac20/Microsoft.Identity.Client.dll",
        "lib/xamarinmac20/Microsoft.Identity.Client.xml",
        "microsoft.identity.client.2.7.1.nupkg.sha512",
        "microsoft.identity.client.nuspec",
        "ref/MonoAndroid8.1/Microsoft.Identity.Client.dll",
        "ref/MonoAndroid8.1/Microsoft.Identity.Client.xml",
        "ref/Xamarin.iOS10/Microsoft.Identity.Client.dll",
        "ref/Xamarin.iOS10/Microsoft.Identity.Client.xml",
        "ref/net45/Microsoft.Identity.Client.dll",
        "ref/net45/Microsoft.Identity.Client.xml",
        "ref/netcoreapp1.0/Microsoft.Identity.Client.dll",
        "ref/netcoreapp1.0/Microsoft.Identity.Client.xml",
        "ref/netstandard1.3/Microsoft.Identity.Client.dll",
        "ref/netstandard1.3/Microsoft.Identity.Client.xml",
        "ref/uap10.0/Microsoft.Identity.Client.dll",
        "ref/uap10.0/Microsoft.Identity.Client.xml",
        "ref/xamarinmac20/Microsoft.Identity.Client.dll",
        "ref/xamarinmac20/Microsoft.Identity.Client.xml"
      ]
    },
    "Microsoft.Rest.ClientRuntime/2.3.20": {
      "sha512": "bw/H1nO4JdnhTagPHWIFQwtlQ6rb2jqw5RTrqPsPqzrjhJxc7P6MyNGdf4pgHQdzdpBSNOfZTEQifoUkxmzYXQ==",
      "type": "package",
      "path": "microsoft.rest.clientruntime/2.3.20",
      "files": [
        ".nupkg.metadata",
        ".signature.p7s",
        "lib/net452/Microsoft.Rest.ClientRuntime.dll",
        "lib/net452/Microsoft.Rest.ClientRuntime.runtimeconfig.json",
        "lib/net452/Microsoft.Rest.ClientRuntime.xml",
        "lib/net461/Microsoft.Rest.ClientRuntime.dll",
        "lib/net461/Microsoft.Rest.ClientRuntime.runtimeconfig.json",
        "lib/net461/Microsoft.Rest.ClientRuntime.xml",
        "lib/netstandard1.4/Microsoft.Rest.ClientRuntime.dll",
        "lib/netstandard1.4/Microsoft.Rest.ClientRuntime.runtimeconfig.json",
        "lib/netstandard1.4/Microsoft.Rest.ClientRuntime.xml",
        "lib/netstandard2.0/Microsoft.Rest.ClientRuntime.dll",
        "lib/netstandard2.0/Microsoft.Rest.ClientRuntime.runtimeconfig.json",
        "lib/netstandard2.0/Microsoft.Rest.ClientRuntime.xml",
        "microsoft.rest.clientruntime.2.3.20.nupkg.sha512",
        "microsoft.rest.clientruntime.nuspec"
      ]
    },
    "Microsoft.VisualStudio.OLE.Interop/7.10.6071": {
      "sha512": "PuINhJH41DbKfkNU+qcyC4Wlt/z0DgI/ViZv6gjUclylnFbUIpCdqm4fK+PKJDfiarHTKnGWkxjKuOIS1Bqs5Q==",
      "type": "package",
      "path": "microsoft.visualstudio.ole.interop/7.10.6071",
      "files": [
        ".nupkg.metadata",
        ".signature.p7s",
        "lib/Microsoft.VisualStudio.OLE.Interop.dll",
        "lib/Microsoft.VisualStudio.OLE.Interop.xml",
        "microsoft.visualstudio.ole.interop.7.10.6071.nupkg.sha512",
        "microsoft.visualstudio.ole.interop.nuspec"
      ]
    },
    "MimeKit/2.1.3": {
      "sha512": "cUbGP7GvOOgeoRn3IPOL5I315J4GQfIPtQhIUWp5rdVTmvyzVZRbqC/WhoLrzbk3Xn350XI5iwwtLXKEfNYHKQ==",
      "type": "package",
      "path": "mimekit/2.1.3",
      "files": [
        ".nupkg.metadata",
        ".signature.p7s",
        "lib/monoandroid/BouncyCastle.dll",
        "lib/monoandroid/MimeKit.dll",
        "lib/monoandroid/MimeKit.xml",
        "lib/net45/MimeKit.dll",
        "lib/net45/MimeKit.xml",
        "lib/netstandard1.3/MimeKit.dll",
        "lib/netstandard1.3/MimeKit.xml",
        "lib/netstandard1.6/MimeKit.dll",
        "lib/netstandard1.6/MimeKit.xml",
        "lib/netstandard2.0/MimeKit.dll",
        "lib/netstandard2.0/MimeKit.xml",
        "lib/portable-net45+win8+wpa81/MimeKit.dll",
        "lib/portable-net45+win8+wpa81/MimeKit.xml",
        "lib/portable-net45+win8+wpa81/Portable.Text.Encoding.dll",
        "lib/portable-net45+win8/MimeKit.dll",
        "lib/portable-net45+win8/MimeKit.xml",
        "lib/portable-net45+win8/Portable.Text.Encoding.dll",
        "lib/xamarinios/BouncyCastle.dll",
        "lib/xamarinios/MimeKit.dll",
        "lib/xamarinios/MimeKit.xml",
        "mimekit.2.1.3.nupkg.sha512",
        "mimekit.nuspec"
      ]
    },
    "Newtonsoft.Json/11.0.2": {
      "sha512": "IvJe1pj7JHEsP8B8J8DwlMEx8UInrs/x+9oVY+oCD13jpLu4JbJU2WCIsMRn5C4yW9+DgkaO8uiVE5VHKjpmdQ==",
      "type": "package",
      "path": "newtonsoft.json/11.0.2",
      "files": [
        ".nupkg.metadata",
        ".signature.p7s",
        "LICENSE.md",
        "lib/net20/Newtonsoft.Json.dll",
        "lib/net20/Newtonsoft.Json.xml",
        "lib/net35/Newtonsoft.Json.dll",
        "lib/net35/Newtonsoft.Json.xml",
        "lib/net40/Newtonsoft.Json.dll",
        "lib/net40/Newtonsoft.Json.xml",
        "lib/net45/Newtonsoft.Json.dll",
        "lib/net45/Newtonsoft.Json.xml",
        "lib/netstandard1.0/Newtonsoft.Json.dll",
        "lib/netstandard1.0/Newtonsoft.Json.xml",
        "lib/netstandard1.3/Newtonsoft.Json.dll",
        "lib/netstandard1.3/Newtonsoft.Json.xml",
        "lib/netstandard2.0/Newtonsoft.Json.dll",
        "lib/netstandard2.0/Newtonsoft.Json.xml",
        "lib/portable-net40+sl5+win8+wp8+wpa81/Newtonsoft.Json.dll",
        "lib/portable-net40+sl5+win8+wp8+wpa81/Newtonsoft.Json.xml",
        "lib/portable-net45+win8+wp8+wpa81/Newtonsoft.Json.dll",
        "lib/portable-net45+win8+wp8+wpa81/Newtonsoft.Json.xml",
        "newtonsoft.json.11.0.2.nupkg.sha512",
        "newtonsoft.json.nuspec"
      ]
    },
    "NPOI/2.4.1": {
      "sha512": "85790/CY9z4DCU1KLpcdLSqaqaqmQOenTqXJfcsYK8LIKNAAoTgjT5LYLbORgdwAd63sbaJiCfB1SIn/dAXrJw==",
      "type": "package",
      "path": "npoi/2.4.1",
      "files": [
        ".nupkg.metadata",
        ".signature.p7s",
        "LICENSE",
        "Read Me.txt",
        "lib/NPOI.xml",
        "lib/net40/NPOI.OOXML.dll",
        "lib/net40/NPOI.OpenXml4Net.dll",
        "lib/net40/NPOI.OpenXmlFormats.dll",
        "lib/net40/NPOI.dll",
        "lib/net45/NPOI.OOXML.dll",
        "lib/net45/NPOI.OpenXml4Net.dll",
        "lib/net45/NPOI.OpenXmlFormats.dll",
        "lib/net45/NPOI.dll",
        "lib/netstandard2.0/NPOI.OOXML.deps.json",
        "lib/netstandard2.0/NPOI.OOXML.dll",
        "lib/netstandard2.0/NPOI.OpenXml4Net.deps.json",
        "lib/netstandard2.0/NPOI.OpenXml4Net.dll",
        "lib/netstandard2.0/NPOI.OpenXmlFormats.deps.json",
        "lib/netstandard2.0/NPOI.OpenXmlFormats.dll",
        "lib/netstandard2.0/NPOI.deps.json",
        "lib/netstandard2.0/NPOI.dll",
        "logo/120_120.jpg",
        "logo/240_240.png",
        "logo/32_32.jpg",
        "logo/60_60.jpg",
        "npoi.2.4.1.nupkg.sha512",
        "npoi.nuspec"
      ]
    },
    "SharpZipLib/1.0.0": {
      "sha512": "YuYztmY3jEb21F6e5LIPHJjApdtzdCPQ284UzsCKNfkgW71bukFHJES6RbKi+wm053XzFg0LX5/2vj/9gl8F/g==",
      "type": "package",
      "path": "sharpziplib/1.0.0",
      "files": [
        ".nupkg.metadata",
        ".signature.p7s",
        "lib/net45/ICSharpCode.SharpZipLib.dll",
        "lib/net45/ICSharpCode.SharpZipLib.xml",
        "lib/netstandard2.0/ICSharpCode.SharpZipLib.dll",
        "lib/netstandard2.0/ICSharpCode.SharpZipLib.xml",
        "sharpziplib.1.0.0.nupkg.sha512",
        "sharpziplib.nuspec"
      ]
    },
    "System.IO.FileSystem.Primitives/4.0.1": {
      "sha512": "kWkKD203JJKxJeE74p8aF8y4Qc9r9WQx4C0cHzHPrY3fv/L/IhWnyCHaFJ3H1QPOH6A93whlQ2vG5nHlBDvzWQ==",
      "type": "package",
      "path": "system.io.filesystem.primitives/4.0.1",
      "files": [
        ".nupkg.metadata",
        ".signature.p7s",
        "ThirdPartyNotices.txt",
        "dotnet_library_license.txt",
        "lib/MonoAndroid10/_._",
        "lib/MonoTouch10/_._",
        "lib/net46/System.IO.FileSystem.Primitives.dll",
        "lib/netstandard1.3/System.IO.FileSystem.Primitives.dll",
        "lib/xamarinios10/_._",
        "lib/xamarinmac20/_._",
        "lib/xamarintvos10/_._",
        "lib/xamarinwatchos10/_._",
        "ref/MonoAndroid10/_._",
        "ref/MonoTouch10/_._",
        "ref/net46/System.IO.FileSystem.Primitives.dll",
        "ref/netstandard1.3/System.IO.FileSystem.Primitives.dll",
        "ref/netstandard1.3/System.IO.FileSystem.Primitives.xml",
        "ref/netstandard1.3/de/System.IO.FileSystem.Primitives.xml",
        "ref/netstandard1.3/es/System.IO.FileSystem.Primitives.xml",
        "ref/netstandard1.3/fr/System.IO.FileSystem.Primitives.xml",
        "ref/netstandard1.3/it/System.IO.FileSystem.Primitives.xml",
        "ref/netstandard1.3/ja/System.IO.FileSystem.Primitives.xml",
        "ref/netstandard1.3/ko/System.IO.FileSystem.Primitives.xml",
        "ref/netstandard1.3/ru/System.IO.FileSystem.Primitives.xml",
        "ref/netstandard1.3/zh-hans/System.IO.FileSystem.Primitives.xml",
        "ref/netstandard1.3/zh-hant/System.IO.FileSystem.Primitives.xml",
        "ref/xamarinios10/_._",
        "ref/xamarinmac20/_._",
        "ref/xamarintvos10/_._",
        "ref/xamarinwatchos10/_._",
        "system.io.filesystem.primitives.4.0.1.nupkg.sha512",
        "system.io.filesystem.primitives.nuspec"
      ]
    },
    "System.IO.Packaging/4.0.0": {
      "sha512": "taPqPWcAj/h6e/c+zIWIVe1ddJtpV6acC6g9GpolxUcIwUaH6zc0ZbFS8kkVzBkuWv76pMalKeTzfmHtfT1pXA==",
      "type": "package",
      "path": "system.io.packaging/4.0.0",
      "files": [
        ".nupkg.metadata",
        ".signature.p7s",
        "ThirdPartyNotices.txt",
        "dotnet_library_license.txt",
        "lib/net46/System.IO.Packaging.dll",
        "lib/netstandard1.3/System.IO.Packaging.dll",
        "ref/net46/System.IO.Packaging.dll",
        "ref/netstandard1.3/System.IO.Packaging.dll",
        "system.io.packaging.4.0.0.nupkg.sha512",
        "system.io.packaging.nuspec"
      ]
    },
    "System.Runtime.CompilerServices.Unsafe/4.5.1": {
      "sha512": "Zh8t8oqolRaFa9vmOZfdQm/qKejdqz0J9kr7o2Fu0vPeoH3BL1EOXipKWwkWtLT1JPzjByrF19fGuFlNbmPpiw==",
      "type": "package",
      "path": "system.runtime.compilerservices.unsafe/4.5.1",
      "files": [
        ".nupkg.metadata",
        ".signature.p7s",
        "LICENSE.TXT",
        "THIRD-PARTY-NOTICES.TXT",
        "lib/netcoreapp2.0/System.Runtime.CompilerServices.Unsafe.dll",
        "lib/netcoreapp2.0/System.Runtime.CompilerServices.Unsafe.xml",
        "lib/netstandard1.0/System.Runtime.CompilerServices.Unsafe.dll",
        "lib/netstandard1.0/System.Runtime.CompilerServices.Unsafe.xml",
        "lib/netstandard2.0/System.Runtime.CompilerServices.Unsafe.dll",
        "lib/netstandard2.0/System.Runtime.CompilerServices.Unsafe.xml",
        "ref/netstandard1.0/System.Runtime.CompilerServices.Unsafe.dll",
        "ref/netstandard1.0/System.Runtime.CompilerServices.Unsafe.xml",
        "ref/netstandard2.0/System.Runtime.CompilerServices.Unsafe.dll",
        "ref/netstandard2.0/System.Runtime.CompilerServices.Unsafe.xml",
        "system.runtime.compilerservices.unsafe.4.5.1.nupkg.sha512",
        "system.runtime.compilerservices.unsafe.nuspec",
        "useSharedDesignerContext.txt",
        "version.txt"
      ]
    },
    "UiPath/19.10.7312.25504": {
      "sha512": "HgN4Rc3n6GneSmamuU+/Gw59gu/TW8jMoYZ6JOHDv3ygvJfYnJjoNEE+Yr6cdXH10M1Medu3KbwmFyuKVUuK0g==",
      "type": "package",
      "path": "uipath/19.10.7312.25504",
      "files": [
        ".nupkg.metadata",
        ".signature.p7s",
        "build/UiPath.targets",
        "build/UiPath/BrowserNativeMessagingImpl.dll",
        "build/UiPath/FuncServer_x64.exe",
        "build/UiPath/FuncServer_x86.exe",
        "build/UiPath/JavaSupport/UiPathBridge.jar",
        "build/UiPath/JavaSupport/UiPathJBIntruder.jar",
        "build/UiPath/JavaSupport/UiPathJBIntruderV8.jar",
        "build/UiPath/JavaSupport/UiPathV8.jar",
        "build/UiPath/JavaSupport/attach_x64/6/attach.dll",
        "build/UiPath/JavaSupport/attach_x64/7/attach.dll",
        "build/UiPath/JavaSupport/attach_x86/6/attach.dll",
        "build/UiPath/JavaSupport/attach_x86/7/attach.dll",
        "build/UiPath/JavaSupport/jaccess-1_2.jar",
        "build/UiPath/JavaSupport/jaccess-1_3.jar",
        "build/UiPath/JavaSupport/jaccess-1_4.jar",
        "build/UiPath/JavaSupport/jaccess.jar",
        "build/UiPath/JavaSupport/tools.jar",
        "build/UiPath/JavaSupport/toolsV8.jar",
        "build/UiPath/JavaSupport/xml-apis.jar",
        "build/UiPath/Resources/x32.manifest",
        "build/UiPath/Resources/x64.manifest",
        "build/UiPath/SLBroker.dll",
        "build/UiPath/SLBroker.xap",
        "build/UiPath/SLHook.dll",
        "build/UiPath/ShaferFilechck.dll",
        "build/UiPath/TCapture.dll",
        "build/UiPath/TCapture_x64.dll",
        "build/UiPath/UiPath.dll",
        "build/UiPath/UiPathJavaBridgeImplV8.dll",
        "build/UiPath/UiPathJavaBridgeImplV8_x64.dll",
        "build/UiPath/UiPathJavaBridgeV8.dll",
        "build/UiPath/UiPathJavaBridgeV8_x64.dll",
        "build/UiPath/UiPathRemote.exe",
        "build/UiPath/UiPathSLB.dll",
        "build/UiPath/UiPathSLB_x64.dll",
        "build/UiPath/UiPath_x64.dll",
        "build/UiPath/aahook.dll",
        "build/UiPath/aahook_x64.dll",
        "build/UiPath/libcurl_x64.dll",
        "build/UiPath/libcurl_x86.dll",
        "build/UiPath/license.config",
        "build/UiPath/msvcr100.dll",
        "build/UiPath/slinject.exe",
        "build/UiPath/x64/ShaferFilechck_x64.DLL",
        "build/UiPath/x64/msvcr100.dll",
        "lib/UiPath.Interop.dll",
        "uipath.19.10.7312.25504.nupkg.sha512",
        "uipath.nuspec"
      ]
    },
    "UiPath.Credentials.Activities/1.1.6479.13204": {
      "sha512": "2C7e17Lk1G6QenZQwA5q0DETGdAb9K34p6SqPcAOdHHyr+BtYSWLWhXn+zNlMF8ZCr51pHCiBPNp33nok2B3Qw==",
      "type": "package",
      "path": "uipath.credentials.activities/1.1.6479.13204",
      "files": [
        ".nupkg.metadata",
        "lib/net40-client/UiPath.Credentials.Activities.dll",
        "uipath.credentials.activities.1.1.6479.13204.nupkg.sha512",
        "uipath.credentials.activities.nuspec"
      ]
    },
    "UiPath.Excel.Activities/2.7.2": {
      "sha512": "wmOu6H+JPigFH6fO7mZTpH6xLYB14PUWprAtNsrjtu6zt1QUUcTHxjFq3d3HgK8vsERc0ZyoVUhIvqskxFScUQ==",
      "type": "package",
      "path": "uipath.excel.activities/2.7.2",
      "files": [
        ".nupkg.metadata",
        ".signature.p7s",
        "lib/net461/UiPath.Excel.Activities.Design.dll",
        "lib/net461/UiPath.Excel.Activities.dll",
        "lib/net461/UiPath.Excel.dll",
        "lib/net461/de/UiPath.Excel.Activities.Design.resources.dll",
        "lib/net461/de/UiPath.Excel.Activities.resources.dll",
        "lib/net461/de/UiPath.Excel.resources.dll",
        "lib/net461/es-MX/UiPath.Excel.Activities.Design.resources.dll",
        "lib/net461/es-MX/UiPath.Excel.Activities.resources.dll",
        "lib/net461/es-MX/UiPath.Excel.resources.dll",
        "lib/net461/es/UiPath.Excel.Activities.Design.resources.dll",
        "lib/net461/es/UiPath.Excel.Activities.resources.dll",
        "lib/net461/es/UiPath.Excel.resources.dll",
        "lib/net461/fr/UiPath.Excel.Activities.Design.resources.dll",
        "lib/net461/fr/UiPath.Excel.Activities.resources.dll",
        "lib/net461/fr/UiPath.Excel.resources.dll",
        "lib/net461/ja/UiPath.Excel.Activities.Design.resources.dll",
        "lib/net461/ja/UiPath.Excel.Activities.resources.dll",
        "lib/net461/ja/UiPath.Excel.resources.dll",
        "lib/net461/ko/UiPath.Excel.Activities.Design.resources.dll",
        "lib/net461/ko/UiPath.Excel.Activities.resources.dll",
        "lib/net461/ko/UiPath.Excel.resources.dll",
        "lib/net461/pt-BR/UiPath.Excel.Activities.Design.resources.dll",
        "lib/net461/pt-BR/UiPath.Excel.Activities.resources.dll",
        "lib/net461/pt-BR/UiPath.Excel.resources.dll",
        "lib/net461/pt/UiPath.Excel.Activities.Design.resources.dll",
        "lib/net461/pt/UiPath.Excel.Activities.resources.dll",
        "lib/net461/pt/UiPath.Excel.resources.dll",
        "lib/net461/ru/UiPath.Excel.Activities.Design.resources.dll",
        "lib/net461/ru/UiPath.Excel.Activities.resources.dll",
        "lib/net461/ru/UiPath.Excel.resources.dll",
        "lib/net461/tr/UiPath.Excel.Activities.Design.resources.dll",
        "lib/net461/tr/UiPath.Excel.Activities.resources.dll",
        "lib/net461/tr/UiPath.Excel.resources.dll",
        "lib/net461/zh-CN/UiPath.Excel.Activities.Design.resources.dll",
        "lib/net461/zh-CN/UiPath.Excel.Activities.resources.dll",
        "lib/net461/zh-CN/UiPath.Excel.resources.dll",
        "uipath.excel.activities.2.7.2.nupkg.sha512",
        "uipath.excel.activities.nuspec"
      ]
    },
    "UiPath.MicrosoftOffice365.Activities/1.1.2": {
      "sha512": "EhnTPIa74mA0Yux1yeUiXCofgalHg+A4hP03x+CmUy1BpzC7q3N2U3RifoM+eIVsr6m8v14ZBiZ1LT5ZWwhP7Q==",
      "type": "package",
      "path": "uipath.microsoftoffice365.activities/1.1.2",
      "files": [
        ".nupkg.metadata",
        "lib/net461/UiPath.MicrosoftOffice365.Activities.Design.dll",
        "lib/net461/UiPath.MicrosoftOffice365.Activities.dll",
        "lib/net461/UiPath.MicrosoftOffice365.dll",
        "lib/net461/de/UiPath.MicrosoftOffice365.Activities.Design.resources.dll",
        "lib/net461/de/UiPath.MicrosoftOffice365.Activities.resources.dll",
        "lib/net461/de/UiPath.MicrosoftOffice365.resources.dll",
        "lib/net461/es-MX/UiPath.MicrosoftOffice365.Activities.Design.resources.dll",
        "lib/net461/es-MX/UiPath.MicrosoftOffice365.Activities.resources.dll",
        "lib/net461/es-MX/UiPath.MicrosoftOffice365.resources.dll",
        "lib/net461/es/UiPath.MicrosoftOffice365.Activities.Design.resources.dll",
        "lib/net461/es/UiPath.MicrosoftOffice365.Activities.resources.dll",
        "lib/net461/es/UiPath.MicrosoftOffice365.resources.dll",
        "lib/net461/fr/UiPath.MicrosoftOffice365.Activities.Design.resources.dll",
        "lib/net461/fr/UiPath.MicrosoftOffice365.Activities.resources.dll",
        "lib/net461/fr/UiPath.MicrosoftOffice365.resources.dll",
        "lib/net461/ja/UiPath.MicrosoftOffice365.Activities.Design.resources.dll",
        "lib/net461/ja/UiPath.MicrosoftOffice365.Activities.resources.dll",
        "lib/net461/ja/UiPath.MicrosoftOffice365.resources.dll",
        "lib/net461/ko/UiPath.MicrosoftOffice365.Activities.Design.resources.dll",
        "lib/net461/ko/UiPath.MicrosoftOffice365.Activities.resources.dll",
        "lib/net461/ko/UiPath.MicrosoftOffice365.resources.dll",
        "lib/net461/pt-BR/UiPath.MicrosoftOffice365.Activities.Design.resources.dll",
        "lib/net461/pt-BR/UiPath.MicrosoftOffice365.Activities.resources.dll",
        "lib/net461/pt-BR/UiPath.MicrosoftOffice365.resources.dll",
        "lib/net461/pt/UiPath.MicrosoftOffice365.Activities.Design.resources.dll",
        "lib/net461/pt/UiPath.MicrosoftOffice365.Activities.resources.dll",
        "lib/net461/pt/UiPath.MicrosoftOffice365.resources.dll",
        "lib/net461/ru/UiPath.MicrosoftOffice365.Activities.Design.resources.dll",
        "lib/net461/ru/UiPath.MicrosoftOffice365.Activities.resources.dll",
        "lib/net461/ru/UiPath.MicrosoftOffice365.resources.dll",
        "lib/net461/tr/UiPath.MicrosoftOffice365.Activities.Design.resources.dll",
        "lib/net461/tr/UiPath.MicrosoftOffice365.Activities.resources.dll",
        "lib/net461/tr/UiPath.MicrosoftOffice365.resources.dll",
        "lib/net461/zh-CN/UiPath.MicrosoftOffice365.Activities.Design.resources.dll",
        "lib/net461/zh-CN/UiPath.MicrosoftOffice365.Activities.resources.dll",
        "lib/net461/zh-CN/UiPath.MicrosoftOffice365.resources.dll",
        "uipath.microsoftoffice365.activities.1.1.2.nupkg.sha512",
        "uipath.microsoftoffice365.activities.nuspec"
      ]
    },
    "UiPath.OCR.Contracts/2.2.1": {
      "sha512": "pCG6EBke4YGKdCrWk+deQ9y+RZBwWR2m+GaX46laaeXJuF/TjxLw7ZmJ5ICR3KhERaUNGsUFW8l+hLFlL/8wPw==",
      "type": "package",
      "path": "uipath.ocr.contracts/2.2.1",
      "files": [
        ".nupkg.metadata",
        ".signature.p7s",
        "lib/net45/UiPath.OCR.Contracts.dll",
        "uipath.ocr.contracts.2.2.1.nupkg.sha512",
        "uipath.ocr.contracts.nuspec"
      ]
    },
    "UiPath.System.Activities/19.10.1": {
      "sha512": "fLiUgsXLiNDP9PRF0QhAz0BQG2ZPtjj05c0kmZ3YKsO3FOBJfthI0joWdkvakGFFbPUPr90RDHq46vw5F+aneQ==",
      "type": "package",
      "path": "uipath.system.activities/19.10.1",
      "files": [
        ".nupkg.metadata",
        ".signature.p7s",
        "lib/net461/ActiproSoftware.Docking.Wpf.dll",
        "lib/net461/ActiproSoftware.Ribbon.Wpf.dll",
        "lib/net461/ActiproSoftware.Shared.Wpf.dll",
        "lib/net461/ActiproSoftware.SyntaxEditor.Addons.DotNet.Wpf.dll",
        "lib/net461/ActiproSoftware.SyntaxEditor.Wpf.dll",
        "lib/net461/ActiproSoftware.Text.Addons.DotNet.Wpf.dll",
        "lib/net461/ActiproSoftware.Text.LLParser.Wpf.dll",
        "lib/net461/ActiproSoftware.Text.Wpf.dll",
        "lib/net461/ActiproSoftware.Wizard.Wpf.dll",
        "lib/net461/CustomInputForm.exe",
        "lib/net461/UiPath.OrchestratorClient.dll",
        "lib/net461/UiPath.System.Activities.Design.dll",
        "lib/net461/UiPath.System.Activities.dll",
        "lib/net461/de/UiPath.System.Activities.Design.resources.dll",
        "lib/net461/de/UiPath.System.Activities.resources.dll",
        "lib/net461/es-MX/UiPath.System.Activities.Design.resources.dll",
        "lib/net461/es-MX/UiPath.System.Activities.resources.dll",
        "lib/net461/es/UiPath.System.Activities.Design.resources.dll",
        "lib/net461/es/UiPath.System.Activities.resources.dll",
        "lib/net461/fr/UiPath.System.Activities.Design.resources.dll",
        "lib/net461/fr/UiPath.System.Activities.resources.dll",
        "lib/net461/ja/UiPath.System.Activities.Design.resources.dll",
        "lib/net461/ja/UiPath.System.Activities.resources.dll",
        "lib/net461/ko/UiPath.System.Activities.Design.resources.dll",
        "lib/net461/ko/UiPath.System.Activities.resources.dll",
        "lib/net461/pt-BR/UiPath.System.Activities.Design.resources.dll",
        "lib/net461/pt-BR/UiPath.System.Activities.resources.dll",
        "lib/net461/pt/UiPath.System.Activities.Design.resources.dll",
        "lib/net461/pt/UiPath.System.Activities.resources.dll",
        "lib/net461/ru/UiPath.System.Activities.Design.resources.dll",
        "lib/net461/ru/UiPath.System.Activities.resources.dll",
        "lib/net461/tr/UiPath.System.Activities.Design.resources.dll",
        "lib/net461/tr/UiPath.System.Activities.resources.dll",
        "lib/net461/zh-CN/UiPath.System.Activities.Design.resources.dll",
        "lib/net461/zh-CN/UiPath.System.Activities.resources.dll",
        "uipath.system.activities.19.10.1.nupkg.sha512",
        "uipath.system.activities.nuspec"
      ]
    },
    "UiPath.UIAutomation.Activities/19.11.1": {
      "sha512": "QVWYr3fHCNP81IVKqX5WCxm5JDy2CyGVCpseWvlozARpjUb79ZOqvwFGuyirjgQEYi3p7DTh59dN6tdXaopAvQ==",
      "type": "package",
      "path": "uipath.uiautomation.activities/19.11.1",
      "files": [
        ".nupkg.metadata",
        ".signature.p7s",
        "build/ActiproSoftware.DataGrid.Contrib.Wpf.dll",
        "build/ActiproSoftware.Docking.Wpf.dll",
        "build/ActiproSoftware.Editors.Wpf.dll",
        "build/ActiproSoftware.Ribbon.Wpf.dll",
        "build/ActiproSoftware.Shared.Wpf.dll",
        "build/ActiproSoftware.SyntaxEditor.Addons.DotNet.Wpf.dll",
        "build/ActiproSoftware.SyntaxEditor.Wpf.dll",
        "build/ActiproSoftware.Text.Addons.DotNet.Wpf.dll",
        "build/ActiproSoftware.Text.LLParser.Wpf.dll",
        "build/ActiproSoftware.Text.Wpf.dll",
        "build/ActiproSoftware.Wizard.Wpf.dll",
        "build/ICSharpCode.AvalonEdit.dll",
        "build/System.ValueTuple.dll",
        "build/UiExplorer.exe",
        "build/UiExplorer.exe.config",
        "build/UiPath.Activities.Contracts.dll",
        "build/UiPath.UIAutomation.Activities.Design.dll",
        "build/UiPath.UiAutomation.Activities.dll",
        "build/de/UiExplorer.resources.dll",
        "build/de/UiPath.UIAutomation.Activities.Design.resources.dll",
        "build/de/UiPath.UiAutomation.Activities.resources.dll",
        "build/es-MX/UiExplorer.resources.dll",
        "build/es-MX/UiPath.UIAutomation.Activities.Design.resources.dll",
        "build/es-MX/UiPath.UiAutomation.Activities.resources.dll",
        "build/es/UiExplorer.resources.dll",
        "build/es/UiPath.UIAutomation.Activities.Design.resources.dll",
        "build/es/UiPath.UiAutomation.Activities.resources.dll",
        "build/fr/UiExplorer.resources.dll",
        "build/fr/UiPath.UIAutomation.Activities.Design.resources.dll",
        "build/fr/UiPath.UiAutomation.Activities.resources.dll",
        "build/ja/UiExplorer.resources.dll",
        "build/ja/UiPath.UIAutomation.Activities.Design.resources.dll",
        "build/ja/UiPath.UiAutomation.Activities.resources.dll",
        "build/ko/UiExplorer.resources.dll",
        "build/ko/UiPath.UIAutomation.Activities.Design.resources.dll",
        "build/ko/UiPath.UiAutomation.Activities.resources.dll",
        "build/pt-BR/UiExplorer.resources.dll",
        "build/pt-BR/UiPath.UIAutomation.Activities.Design.resources.dll",
        "build/pt-BR/UiPath.UiAutomation.Activities.resources.dll",
        "build/pt/UiExplorer.resources.dll",
        "build/pt/UiPath.UIAutomation.Activities.Design.resources.dll",
        "build/pt/UiPath.UiAutomation.Activities.resources.dll",
        "build/ru/UiExplorer.resources.dll",
        "build/ru/UiPath.UIAutomation.Activities.Design.resources.dll",
        "build/ru/UiPath.UiAutomation.Activities.resources.dll",
        "build/tr/UiExplorer.resources.dll",
        "build/tr/UiPath.UIAutomation.Activities.Design.resources.dll",
        "build/tr/UiPath.UiAutomation.Activities.resources.dll",
        "build/zh-CN/UiExplorer.resources.dll",
        "build/zh-CN/UiPath.UIAutomation.Activities.Design.resources.dll",
        "build/zh-CN/UiPath.UiAutomation.Activities.resources.dll",
        "lib/net461/ActiproSoftware.DataGrid.Contrib.Wpf.dll",
        "lib/net461/ActiproSoftware.Docking.Wpf.dll",
        "lib/net461/ActiproSoftware.Editors.Wpf.dll",
        "lib/net461/ActiproSoftware.Ribbon.Wpf.dll",
        "lib/net461/ActiproSoftware.Shared.Wpf.dll",
        "lib/net461/ActiproSoftware.SyntaxEditor.Addons.DotNet.Wpf.dll",
        "lib/net461/ActiproSoftware.SyntaxEditor.Wpf.dll",
        "lib/net461/ActiproSoftware.Text.Addons.DotNet.Wpf.dll",
        "lib/net461/ActiproSoftware.Text.LLParser.Wpf.dll",
        "lib/net461/ActiproSoftware.Text.Wpf.dll",
        "lib/net461/ActiproSoftware.Wizard.Wpf.dll",
        "lib/net461/UiPath.CV.Activities.Design.dll",
        "lib/net461/UiPath.CV.Activities.dll",
        "lib/net461/UiPath.CV.dll",
        "lib/net461/UiPath.UIAutomation.Activities.Design.dll",
        "lib/net461/UiPath.UiAutomation.Activities.dll",
        "lib/net461/UiPath.Wizards.dll",
        "lib/net461/de/UiPath.CV.Activities.Design.resources.dll",
        "lib/net461/de/UiPath.CV.Activities.resources.dll",
        "lib/net461/de/UiPath.CV.resources.dll",
        "lib/net461/de/UiPath.UIAutomation.Activities.Design.resources.dll",
        "lib/net461/de/UiPath.UiAutomation.Activities.resources.dll",
        "lib/net461/de/UiPath.Wizards.resources.dll",
        "lib/net461/es-MX/UiPath.CV.Activities.Design.resources.dll",
        "lib/net461/es-MX/UiPath.CV.Activities.resources.dll",
        "lib/net461/es-MX/UiPath.CV.resources.dll",
        "lib/net461/es-MX/UiPath.UIAutomation.Activities.Design.resources.dll",
        "lib/net461/es-MX/UiPath.UiAutomation.Activities.resources.dll",
        "lib/net461/es-MX/UiPath.Wizards.resources.dll",
        "lib/net461/es/UiPath.CV.Activities.Design.resources.dll",
        "lib/net461/es/UiPath.CV.Activities.resources.dll",
        "lib/net461/es/UiPath.CV.resources.dll",
        "lib/net461/es/UiPath.UIAutomation.Activities.Design.resources.dll",
        "lib/net461/es/UiPath.UiAutomation.Activities.resources.dll",
        "lib/net461/es/UiPath.Wizards.resources.dll",
        "lib/net461/fr/UiPath.CV.Activities.Design.resources.dll",
        "lib/net461/fr/UiPath.CV.Activities.resources.dll",
        "lib/net461/fr/UiPath.CV.resources.dll",
        "lib/net461/fr/UiPath.UIAutomation.Activities.Design.resources.dll",
        "lib/net461/fr/UiPath.UiAutomation.Activities.resources.dll",
        "lib/net461/fr/UiPath.Wizards.resources.dll",
        "lib/net461/ja/UiPath.CV.Activities.Design.resources.dll",
        "lib/net461/ja/UiPath.CV.Activities.resources.dll",
        "lib/net461/ja/UiPath.CV.resources.dll",
        "lib/net461/ja/UiPath.UIAutomation.Activities.Design.resources.dll",
        "lib/net461/ja/UiPath.UiAutomation.Activities.resources.dll",
        "lib/net461/ja/UiPath.Wizards.resources.dll",
        "lib/net461/ko/UiPath.CV.Activities.Design.resources.dll",
        "lib/net461/ko/UiPath.CV.Activities.resources.dll",
        "lib/net461/ko/UiPath.CV.resources.dll",
        "lib/net461/ko/UiPath.UIAutomation.Activities.Design.resources.dll",
        "lib/net461/ko/UiPath.UiAutomation.Activities.resources.dll",
        "lib/net461/ko/UiPath.Wizards.resources.dll",
        "lib/net461/pt-BR/UiPath.CV.Activities.Design.resources.dll",
        "lib/net461/pt-BR/UiPath.CV.Activities.resources.dll",
        "lib/net461/pt-BR/UiPath.CV.resources.dll",
        "lib/net461/pt-BR/UiPath.UIAutomation.Activities.Design.resources.dll",
        "lib/net461/pt-BR/UiPath.UiAutomation.Activities.resources.dll",
        "lib/net461/pt-BR/UiPath.Wizards.resources.dll",
        "lib/net461/pt/UiPath.CV.Activities.Design.resources.dll",
        "lib/net461/pt/UiPath.CV.Activities.resources.dll",
        "lib/net461/pt/UiPath.CV.resources.dll",
        "lib/net461/pt/UiPath.UIAutomation.Activities.Design.resources.dll",
        "lib/net461/pt/UiPath.UiAutomation.Activities.resources.dll",
        "lib/net461/pt/UiPath.Wizards.resources.dll",
        "lib/net461/ru/UiPath.CV.Activities.Design.resources.dll",
        "lib/net461/ru/UiPath.CV.Activities.resources.dll",
        "lib/net461/ru/UiPath.CV.resources.dll",
        "lib/net461/ru/UiPath.UIAutomation.Activities.Design.resources.dll",
        "lib/net461/ru/UiPath.UiAutomation.Activities.resources.dll",
        "lib/net461/ru/UiPath.Wizards.resources.dll",
        "lib/net461/tr/UiPath.CV.Activities.Design.resources.dll",
        "lib/net461/tr/UiPath.CV.Activities.resources.dll",
        "lib/net461/tr/UiPath.CV.resources.dll",
        "lib/net461/tr/UiPath.UIAutomation.Activities.Design.resources.dll",
        "lib/net461/tr/UiPath.UiAutomation.Activities.resources.dll",
        "lib/net461/tr/UiPath.Wizards.resources.dll",
        "lib/net461/zh-CN/UiPath.CV.Activities.Design.resources.dll",
        "lib/net461/zh-CN/UiPath.CV.Activities.resources.dll",
        "lib/net461/zh-CN/UiPath.CV.resources.dll",
        "lib/net461/zh-CN/UiPath.UIAutomation.Activities.Design.resources.dll",
        "lib/net461/zh-CN/UiPath.UiAutomation.Activities.resources.dll",
        "lib/net461/zh-CN/UiPath.Wizards.resources.dll",
        "uipath.uiautomation.activities.19.11.1.nupkg.sha512",
        "uipath.uiautomation.activities.nuspec"
      ]
    },
    "UiPath.Vision/2.0.0": {
      "sha512": "iLw9jpfgO7GkyqymZzD+K5FgPsdd8ZuSRiZnSNLSh9TlTpAQhCnTdAsxaR39rk64RsJlDlFOrgTa/dJSgHKYlA==",
      "type": "package",
      "path": "uipath.vision/2.0.0",
      "files": [
        ".nupkg.metadata",
        ".signature.p7s",
        "build/AForge.Imaging.dll",
        "build/AForge.Math.dll",
        "build/AForge.dll",
        "build/BouncyCastle.Crypto.dll",
        "build/Emgu.CV.World.dll",
        "build/Google.Api.CommonProtos.dll",
        "build/Google.Api.Gax.Grpc.dll",
        "build/Google.Api.Gax.dll",
        "build/Google.Apis.Auth.PlatformServices.dll",
        "build/Google.Apis.Auth.dll",
        "build/Google.Apis.Core.dll",
        "build/Google.Apis.PlatformServices.dll",
        "build/Google.Apis.dll",
        "build/Google.Cloud.Vision.V1.dll",
        "build/Google.LongRunning.dll",
        "build/Google.Protobuf.dll",
        "build/Grpc.Auth.dll",
        "build/Grpc.Core.dll",
        "build/Microsoft.Azure.CognitiveServices.Vision.ComputerVision.dll",
        "build/Microsoft.ProjectOxford.Vision.dll",
        "build/Microsoft.Rest.ClientRuntime.Azure.dll",
        "build/Microsoft.Rest.ClientRuntime.dll",
        "build/NLog.dll",
        "build/Newtonsoft.Json.dll",
        "build/System.Collections.Immutable.dll",
        "build/System.Interactive.Async.dll",
        "build/System.ValueTuple.dll",
        "build/UiPath.OCR.Contracts.dll",
        "build/UiPath.Vision.AzureComputerVision.dll",
        "build/UiPath.Vision.Core.dll",
        "build/UiPath.Vision.GoogleCloud.dll",
        "build/UiPath.Vision.Host32.exe",
        "build/UiPath.Vision.Host32.exe.config",
        "build/UiPath.Vision.Microsoft.dll",
        "build/UiPath.Vision.MicrosoftCloud.dll",
        "build/UiPath.Vision.Tesseract.dll",
        "build/UiPath.Vision.dll",
        "build/ZedGraph.dll",
        "build/Zlib.Portable.dll",
        "build/grpc_csharp_ext.x64.dll",
        "build/grpc_csharp_ext.x86.dll",
        "build/nlog.config",
        "build/tessdata/eng.traineddata",
        "build/x86/concrt140.dll",
        "build/x86/cvextern.dll",
        "build/x86/msvcp140.dll",
        "build/x86/opencv_ffmpeg341.dll",
        "build/x86/tbb.dll",
        "build/x86/vcruntime140.dll",
        "lib/net452/UiPath.Vision.AzureComputerVision.dll",
        "lib/net452/UiPath.Vision.Core.dll",
        "lib/net452/UiPath.Vision.GoogleCloud.dll",
        "lib/net452/UiPath.Vision.Host32.exe",
        "lib/net452/UiPath.Vision.Microsoft.dll",
        "lib/net452/UiPath.Vision.MicrosoftCloud.dll",
        "lib/net452/UiPath.Vision.Tesseract.dll",
        "lib/net452/UiPath.Vision.dll",
        "uipath.vision.2.0.0.nupkg.sha512",
        "uipath.vision.nuspec"
      ]
    }
  },
  "projectFileDependencyGroups": {
    "": [],
    ".NETFramework,Version=v4.6.1": [
      "UiPath.Credentials.Activities >= 1.1.6479.13204 <= 1.1.6479.13204",
      "UiPath.Excel.Activities >= 2.7.2 <= 2.7.2",
      "UiPath.MicrosoftOffice365.Activities >= 1.1.2 <= 1.1.2",
      "UiPath.System.Activities >= 19.10.1 <= 19.10.1",
      "UiPath.UIAutomation.Activities >= 19.11.1 <= 19.11.1"
    ]
  },
  "packageFolders": {
    "C:\\Users\\EPLaRosa\\.nuget\\packages\\": {}
  },
  "project": {
    "restore": {
      "projectUniqueName": "Calculate_Client_Security_Hash_3198",
      "projectName": "Calculate_Client_Security_Hash_3198",
      "projectPath": "C:\\Users\\EPLaRosa\\Documents\\UiPath\\RPA Developer Assignments\\Calculate Client Security Hash\\Calculate_Client_Security_Hash_3198\\.local",
      "packagesPath": "C:\\Users\\EPLaRosa\\.nuget\\packages\\",
      "outputPath": "C:\\Users\\EPLaRosa\\Documents\\UiPath\\RPA Developer Assignments\\Calculate Client Security Hash\\Calculate_Client_Security_Hash_3198\\.local"
    },
    "frameworks": {
      "net461": {
        "dependencies": {
          "UiPath.Credentials.Activities": {
            "include": "Runtime",
            "target": "Package",
            "version": "[1.1.6479.13204, 1.1.6479.13204]"
          },
          "UiPath.Excel.Activities": {
            "include": "Runtime",
            "target": "Package",
            "version": "[2.7.2, 2.7.2]"
          },
          "UiPath.MicrosoftOffice365.Activities": {
            "include": "Runtime",
            "target": "Package",
            "version": "[1.1.2, 1.1.2]"
          },
          "UiPath.System.Activities": {
            "include": "Runtime",
            "target": "Package",
            "version": "[19.10.1, 19.10.1]"
          },
          "UiPath.UIAutomation.Activities": {
            "include": "Runtime",
            "target": "Package",
            "version": "[19.11.1, 19.11.1]"
          }
        }
      }
    }
  },
  "logs": [
    {
      "code": "NU3034",
      "level": "Warning",
      "warningLevel": 1,
      "message": "Package 'FastMember 1.3.0' from source 'https://gallery.uipath.com/api/v2': This package is signed but not by a trusted signer.",
      "libraryId": "FastMember"
    },
    {
      "code": "NU3034",
      "level": "Warning",
      "warningLevel": 1,
      "message": "Package 'ExcelNumberFormat 1.0.3' from source 'https://gallery.uipath.com/api/v2': This package is signed but not by a trusted signer.",
      "libraryId": "ExcelNumberFormat"
    },
    {
      "code": "NU3034",
      "level": "Warning",
      "warningLevel": 1,
      "message": "Package 'System.IO.FileSystem.Primitives 4.0.1' from source 'https://gallery.uipath.com/api/v2': This package is signed but not by a trusted signer.",
      "libraryId": "System.IO.FileSystem.Primitives"
    },
    {
      "code": "NU3034",
      "level": "Warning",
      "warningLevel": 1,
      "message": "Package 'DocumentFormat.OpenXml 2.7.2' from source 'https://gallery.uipath.com/api/v2': This package is signed but not by a trusted signer.",
      "libraryId": "DocumentFormat.OpenXml"
    },
    {
      "code": "NU3034",
      "level": "Warning",
      "warningLevel": 1,
      "message": "Package 'MimeKit 2.1.3' from source 'https://gallery.uipath.com/api/v2': This package is signed but not by a trusted signer.",
      "libraryId": "MimeKit"
    },
    {
      "code": "NU3034",
      "level": "Warning",
      "warningLevel": 1,
      "message": "Package 'BouncyCastle 1.8.2' from source 'https://gallery.uipath.com/api/v2': This package is signed but not by a trusted signer.",
      "libraryId": "BouncyCastle"
    },
    {
      "code": "NU3034",
      "level": "Warning",
      "warningLevel": 1,
      "message": "Package 'Microsoft.Graph.Core 1.12.0' from source 'https://gallery.uipath.com/api/v2': This package is signed but not by a trusted signer.",
      "libraryId": "Microsoft.Graph.Core"
    },
    {
      "code": "NU3034",
      "level": "Warning",
      "warningLevel": 1,
      "message": "Package 'ClosedXML 0.94.2' from source 'https://gallery.uipath.com/api/v2': This package is signed but not by a trusted signer.",
      "libraryId": "ClosedXML"
    },
    {
      "code": "NU3034",
      "level": "Warning",
      "warningLevel": 1,
      "message": "Package 'System.IO.Packaging 4.0.0' from source 'https://gallery.uipath.com/api/v2': This package is signed but not by a trusted signer.",
      "libraryId": "System.IO.Packaging"
    },
    {
      "code": "NU3034",
      "level": "Warning",
      "warningLevel": 1,
      "message": "Package 'Microsoft.Identity.Client 2.7.1' from source 'https://gallery.uipath.com/api/v2': This package is signed but not by a trusted signer.",
      "libraryId": "Microsoft.Identity.Client"
    },
    {
      "code": "NU3034",
      "level": "Warning",
      "warningLevel": 1,
      "message": "Package 'Microsoft.Graph 1.12.0' from source 'https://gallery.uipath.com/api/v2': This package is signed but not by a trusted signer.",
      "libraryId": "Microsoft.Graph"
    },
    {
      "code": "NU3034",
      "level": "Warning",
      "warningLevel": 1,
      "message": "Package 'System.Runtime.CompilerServices.Unsafe 4.5.1' from source 'https://gallery.uipath.com/api/v2': This package is signed but not by a trusted signer.",
      "libraryId": "System.Runtime.CompilerServices.Unsafe"
    }
  ]
}