{
  "Packages": [
    {
      "Package": {
        "Id": "UiPath.Excel.Activities",
        "Version": "2.7.2"
      },
      "Assemblies": [
        "C:\\Users\\EPLaRosa\\.nuget\\packages\\closedxml/0.94.2\\lib/net46/ClosedXML.dll",
        "C:\\Users\\EPLaRosa\\.nuget\\packages\\csvhelper/2.13.5\\lib/net40-client/CsvHelper.dll",
        "C:\\Users\\EPLaRosa\\.nuget\\packages\\documentformat.openxml/2.7.2\\lib/net46/DocumentFormat.OpenXml.dll",
        "C:\\Users\\EPLaRosa\\.nuget\\packages\\excelnumberformat/1.0.3\\lib/net20/ExcelNumberFormat.dll",
        "C:\\Users\\EPLaRosa\\.nuget\\packages\\fastmember/1.3.0\\lib/net45/FastMember.dll",
        "C:\\Users\\EPLaRosa\\.nuget\\packages\\microsoft.visualstudio.ole.interop/7.10.6071\\lib/Microsoft.VisualStudio.OLE.Interop.dll",
        "C:\\Users\\EPLaRosa\\.nuget\\packages\\npoi/2.4.1\\lib/net45/NPOI.OOXML.dll",
        "C:\\Users\\EPLaRosa\\.nuget\\packages\\npoi/2.4.1\\lib/net45/NPOI.OpenXml4Net.dll",
        "C:\\Users\\EPLaRosa\\.nuget\\packages\\npoi/2.4.1\\lib/net45/NPOI.OpenXmlFormats.dll",
        "C:\\Users\\EPLaRosa\\.nuget\\packages\\npoi/2.4.1\\lib/net45/NPOI.dll",
        "C:\\Users\\EPLaRosa\\.nuget\\packages\\sharpziplib/1.0.0\\lib/net45/ICSharpCode.SharpZipLib.dll",
        "C:\\Users\\EPLaRosa\\.nuget\\packages\\system.io.filesystem.primitives/4.0.1\\lib/net46/System.IO.FileSystem.Primitives.dll",
        "C:\\Users\\EPLaRosa\\.nuget\\packages\\system.io.packaging/4.0.0\\lib/net46/System.IO.Packaging.dll",
        "C:\\Users\\EPLaRosa\\.nuget\\packages\\uipath.excel.activities/2.7.2\\lib/net461/UiPath.Excel.Activities.Design.dll",
        "C:\\Users\\EPLaRosa\\.nuget\\packages\\uipath.excel.activities/2.7.2\\lib/net461/UiPath.Excel.Activities.dll",
        "C:\\Users\\EPLaRosa\\.nuget\\packages\\uipath.excel.activities/2.7.2\\lib/net461/UiPath.Excel.dll"
      ]
    },
    {
      "Package": {
        "Id": "UiPath.System.Activities",
        "Version": "19.10.1"
      },
      "Assemblies": [
        "C:\\Users\\EPLaRosa\\.nuget\\packages\\csvhelper/2.13.5\\lib/net40-client/CsvHelper.dll",
        "C:\\Users\\EPLaRosa\\.nuget\\packages\\microsoft.aspnet.signalr.client/2.4.0\\lib/net45/Microsoft.AspNet.SignalR.Client.dll",
        "C:\\Users\\EPLaRosa\\.nuget\\packages\\microsoft.rest.clientruntime/2.3.20\\lib/net461/Microsoft.Rest.ClientRuntime.dll",
        "C:\\Users\\EPLaRosa\\.nuget\\packages\\newtonsoft.json/11.0.2\\lib/net45/Newtonsoft.Json.dll",
        "C:\\Users\\EPLaRosa\\.nuget\\packages\\uipath.system.activities/19.10.1\\lib/net461/ActiproSoftware.Docking.Wpf.dll",
        "C:\\Users\\EPLaRosa\\.nuget\\packages\\uipath.system.activities/19.10.1\\lib/net461/ActiproSoftware.Ribbon.Wpf.dll",
        "C:\\Users\\EPLaRosa\\.nuget\\packages\\uipath.system.activities/19.10.1\\lib/net461/ActiproSoftware.Shared.Wpf.dll",
        "C:\\Users\\EPLaRosa\\.nuget\\packages\\uipath.system.activities/19.10.1\\lib/net461/ActiproSoftware.SyntaxEditor.Addons.DotNet.Wpf.dll",
        "C:\\Users\\EPLaRosa\\.nuget\\packages\\uipath.system.activities/19.10.1\\lib/net461/ActiproSoftware.SyntaxEditor.Wpf.dll",
        "C:\\Users\\EPLaRosa\\.nuget\\packages\\uipath.system.activities/19.10.1\\lib/net461/ActiproSoftware.Text.Addons.DotNet.Wpf.dll",
        "C:\\Users\\EPLaRosa\\.nuget\\packages\\uipath.system.activities/19.10.1\\lib/net461/ActiproSoftware.Text.LLParser.Wpf.dll",
        "C:\\Users\\EPLaRosa\\.nuget\\packages\\uipath.system.activities/19.10.1\\lib/net461/ActiproSoftware.Text.Wpf.dll",
        "C:\\Users\\EPLaRosa\\.nuget\\packages\\uipath.system.activities/19.10.1\\lib/net461/ActiproSoftware.Wizard.Wpf.dll",
        "C:\\Users\\EPLaRosa\\.nuget\\packages\\uipath.system.activities/19.10.1\\lib/net461/UiPath.OrchestratorClient.dll",
        "C:\\Users\\EPLaRosa\\.nuget\\packages\\uipath.system.activities/19.10.1\\lib/net461/UiPath.System.Activities.Design.dll",
        "C:\\Users\\EPLaRosa\\.nuget\\packages\\uipath.system.activities/19.10.1\\lib/net461/UiPath.System.Activities.dll"
      ]
    },
    {
      "Package": {
        "Id": "UiPath.UIAutomation.Activities",
        "Version": "19.11.1"
      },
      "Assemblies": [
        "C:\\Users\\EPLaRosa\\.nuget\\packages\\avalonedit/5.0.3\\lib/Net40/ICSharpCode.AvalonEdit.dll",
        "C:\\Users\\EPLaRosa\\.nuget\\packages\\extended.wpf.toolkit/2.8.0\\lib/net40/Xceed.Wpf.AvalonDock.Themes.Aero.dll",
        "C:\\Users\\EPLaRosa\\.nuget\\packages\\extended.wpf.toolkit/2.8.0\\lib/net40/Xceed.Wpf.AvalonDock.Themes.Metro.dll",
        "C:\\Users\\EPLaRosa\\.nuget\\packages\\extended.wpf.toolkit/2.8.0\\lib/net40/Xceed.Wpf.AvalonDock.Themes.VS2010.dll",
        "C:\\Users\\EPLaRosa\\.nuget\\packages\\extended.wpf.toolkit/2.8.0\\lib/net40/Xceed.Wpf.AvalonDock.dll",
        "C:\\Users\\EPLaRosa\\.nuget\\packages\\extended.wpf.toolkit/2.8.0\\lib/net40/Xceed.Wpf.DataGrid.dll",
        "C:\\Users\\EPLaRosa\\.nuget\\packages\\extended.wpf.toolkit/2.8.0\\lib/net40/Xceed.Wpf.Toolkit.dll",
        "C:\\Users\\EPLaRosa\\.nuget\\packages\\humanizer.core/2.4.2\\lib/netstandard2.0/Humanizer.dll",
        "C:\\Users\\EPLaRosa\\.nuget\\packages\\newtonsoft.json/11.0.2\\lib/net45/Newtonsoft.Json.dll",
        "C:\\Users\\EPLaRosa\\.nuget\\packages\\uipath/19.10.7312.25504\\lib/UiPath.Interop.dll",
        "C:\\Users\\EPLaRosa\\.nuget\\packages\\uipath.ocr.contracts/2.2.1\\lib/net45/UiPath.OCR.Contracts.dll",
        "C:\\Users\\EPLaRosa\\.nuget\\packages\\uipath.uiautomation.activities/19.11.1\\lib/net461/ActiproSoftware.DataGrid.Contrib.Wpf.dll",
        "C:\\Users\\EPLaRosa\\.nuget\\packages\\uipath.uiautomation.activities/19.11.1\\lib/net461/ActiproSoftware.Docking.Wpf.dll",
        "C:\\Users\\EPLaRosa\\.nuget\\packages\\uipath.uiautomation.activities/19.11.1\\lib/net461/ActiproSoftware.Editors.Wpf.dll",
        "C:\\Users\\EPLaRosa\\.nuget\\packages\\uipath.uiautomation.activities/19.11.1\\lib/net461/ActiproSoftware.Ribbon.Wpf.dll",
        "C:\\Users\\EPLaRosa\\.nuget\\packages\\uipath.uiautomation.activities/19.11.1\\lib/net461/ActiproSoftware.Shared.Wpf.dll",
        "C:\\Users\\EPLaRosa\\.nuget\\packages\\uipath.uiautomation.activities/19.11.1\\lib/net461/ActiproSoftware.SyntaxEditor.Addons.DotNet.Wpf.dll",
        "C:\\Users\\EPLaRosa\\.nuget\\packages\\uipath.uiautomation.activities/19.11.1\\lib/net461/ActiproSoftware.SyntaxEditor.Wpf.dll",
        "C:\\Users\\EPLaRosa\\.nuget\\packages\\uipath.uiautomation.activities/19.11.1\\lib/net461/ActiproSoftware.Text.Addons.DotNet.Wpf.dll",
        "C:\\Users\\EPLaRosa\\.nuget\\packages\\uipath.uiautomation.activities/19.11.1\\lib/net461/ActiproSoftware.Text.LLParser.Wpf.dll",
        "C:\\Users\\EPLaRosa\\.nuget\\packages\\uipath.uiautomation.activities/19.11.1\\lib/net461/ActiproSoftware.Text.Wpf.dll",
        "C:\\Users\\EPLaRosa\\.nuget\\packages\\uipath.uiautomation.activities/19.11.1\\lib/net461/ActiproSoftware.Wizard.Wpf.dll",
        "C:\\Users\\EPLaRosa\\.nuget\\packages\\uipath.uiautomation.activities/19.11.1\\lib/net461/UiPath.CV.Activities.Design.dll",
        "C:\\Users\\EPLaRosa\\.nuget\\packages\\uipath.uiautomation.activities/19.11.1\\lib/net461/UiPath.CV.Activities.dll",
        "C:\\Users\\EPLaRosa\\.nuget\\packages\\uipath.uiautomation.activities/19.11.1\\lib/net461/UiPath.CV.dll",
        "C:\\Users\\EPLaRosa\\.nuget\\packages\\uipath.uiautomation.activities/19.11.1\\lib/net461/UiPath.UIAutomation.Activities.Design.dll",
        "C:\\Users\\EPLaRosa\\.nuget\\packages\\uipath.uiautomation.activities/19.11.1\\lib/net461/UiPath.UiAutomation.Activities.dll",
        "C:\\Users\\EPLaRosa\\.nuget\\packages\\uipath.uiautomation.activities/19.11.1\\lib/net461/UiPath.Wizards.dll",
        "C:\\Users\\EPLaRosa\\.nuget\\packages\\uipath.vision/2.0.0\\lib/net452/UiPath.Vision.AzureComputerVision.dll",
        "C:\\Users\\EPLaRosa\\.nuget\\packages\\uipath.vision/2.0.0\\lib/net452/UiPath.Vision.Core.dll",
        "C:\\Users\\EPLaRosa\\.nuget\\packages\\uipath.vision/2.0.0\\lib/net452/UiPath.Vision.GoogleCloud.dll",
        "C:\\Users\\EPLaRosa\\.nuget\\packages\\uipath.vision/2.0.0\\lib/net452/UiPath.Vision.Microsoft.dll",
        "C:\\Users\\EPLaRosa\\.nuget\\packages\\uipath.vision/2.0.0\\lib/net452/UiPath.Vision.MicrosoftCloud.dll",
        "C:\\Users\\EPLaRosa\\.nuget\\packages\\uipath.vision/2.0.0\\lib/net452/UiPath.Vision.Tesseract.dll",
        "C:\\Users\\EPLaRosa\\.nuget\\packages\\uipath.vision/2.0.0\\lib/net452/UiPath.Vision.dll"
      ]
    },
    {
      "Package": {
        "Id": "UiPath.Credentials.Activities",
        "Version": "1.1.6479.13204"
      },
      "Assemblies": [
        "C:\\Users\\EPLaRosa\\.nuget\\packages\\credentialmanagement/1.0.2\\lib/net35/CredentialManagement.dll",
        "C:\\Users\\EPLaRosa\\.nuget\\packages\\uipath.credentials.activities/1.1.6479.13204\\lib/net40-client/UiPath.Credentials.Activities.dll"
      ]
    },
    {
      "Package": {
        "Id": "UiPath.MicrosoftOffice365.Activities",
        "Version": "1.1.2"
      },
      "Assemblies": [
        "C:\\Users\\EPLaRosa\\.nuget\\packages\\bouncycastle/1.8.2\\lib/BouncyCastle.Crypto.dll",
        "C:\\Users\\EPLaRosa\\.nuget\\packages\\closedxml/0.94.2\\lib/net46/ClosedXML.dll",
        "C:\\Users\\EPLaRosa\\.nuget\\packages\\documentformat.openxml/2.7.2\\lib/net46/DocumentFormat.OpenXml.dll",
        "C:\\Users\\EPLaRosa\\.nuget\\packages\\excelnumberformat/1.0.3\\lib/net20/ExcelNumberFormat.dll",
        "C:\\Users\\EPLaRosa\\.nuget\\packages\\fastmember/1.3.0\\lib/net45/FastMember.dll",
        "C:\\Users\\EPLaRosa\\.nuget\\packages\\microsoft.graph/1.12.0\\lib/net45/Microsoft.Graph.dll",
        "C:\\Users\\EPLaRosa\\.nuget\\packages\\microsoft.graph.core/1.12.0\\lib/net45/Microsoft.Graph.Core.dll",
        "C:\\Users\\EPLaRosa\\.nuget\\packages\\microsoft.identity.client/2.7.1\\lib/net45/Microsoft.Identity.Client.dll",
        "C:\\Users\\EPLaRosa\\.nuget\\packages\\mimekit/2.1.3\\lib/net45/MimeKit.dll",
        "C:\\Users\\EPLaRosa\\.nuget\\packages\\newtonsoft.json/11.0.2\\lib/net45/Newtonsoft.Json.dll",
        "C:\\Users\\EPLaRosa\\.nuget\\packages\\system.io.filesystem.primitives/4.0.1\\lib/net46/System.IO.FileSystem.Primitives.dll",
        "C:\\Users\\EPLaRosa\\.nuget\\packages\\system.io.packaging/4.0.0\\lib/net46/System.IO.Packaging.dll",
        "C:\\Users\\EPLaRosa\\.nuget\\packages\\system.runtime.compilerservices.unsafe/4.5.1\\lib/netstandard2.0/System.Runtime.CompilerServices.Unsafe.dll",
        "C:\\Users\\EPLaRosa\\.nuget\\packages\\uipath.microsoftoffice365.activities/1.1.2\\lib/net461/UiPath.MicrosoftOffice365.Activities.Design.dll",
        "C:\\Users\\EPLaRosa\\.nuget\\packages\\uipath.microsoftoffice365.activities/1.1.2\\lib/net461/UiPath.MicrosoftOffice365.Activities.dll",
        "C:\\Users\\EPLaRosa\\.nuget\\packages\\uipath.microsoftoffice365.activities/1.1.2\\lib/net461/UiPath.MicrosoftOffice365.dll"
      ]
    }
  ],
  "Conflicts": [],
  "ResolvedDependencies": {
    "AvalonEdit": {
      "Id": "AvalonEdit",
      "Version": "5.0.3",
      "Dependencies": []
    },
    "BouncyCastle": {
      "Id": "BouncyCastle",
      "Version": "1.8.2",
      "Dependencies": []
    },
    "ClosedXML": {
      "Id": "ClosedXML",
      "Version": "0.94.2",
      "Dependencies": [
        {
          "Item1": "DocumentFormat.OpenXml",
          "Item2": "[2.7.2, )"
        },
        {
          "Item1": "ExcelNumberFormat",
          "Item2": "[1.0.3, )"
        },
        {
          "Item1": "FastMember",
          "Item2": "[1.3.0, )"
        }
      ]
    },
    "CredentialManagement": {
      "Id": "CredentialManagement",
      "Version": "1.0.2",
      "Dependencies": []
    },
    "CsvHelper": {
      "Id": "CsvHelper",
      "Version": "2.13.5",
      "Dependencies": []
    },
    "DocumentFormat.OpenXml": {
      "Id": "DocumentFormat.OpenXml",
      "Version": "2.7.2",
      "Dependencies": [
        {
          "Item1": "System.IO.Packaging",
          "Item2": "[4.0.0, )"
        }
      ]
    },
    "ExcelNumberFormat": {
      "Id": "ExcelNumberFormat",
      "Version": "1.0.3",
      "Dependencies": []
    },
    "Extended.Wpf.Toolkit": {
      "Id": "Extended.Wpf.Toolkit",
      "Version": "2.8.0",
      "Dependencies": []
    },
    "FastMember": {
      "Id": "FastMember",
      "Version": "1.3.0",
      "Dependencies": []
    },
    "Humanizer.Core": {
      "Id": "Humanizer.Core",
      "Version": "2.4.2",
      "Dependencies": []
    },
    "Microsoft.AspNet.SignalR.Client": {
      "Id": "Microsoft.AspNet.SignalR.Client",
      "Version": "2.4.0",
      "Dependencies": [
        {
          "Item1": "Newtonsoft.Json",
          "Item2": "[6.0.4, )"
        }
      ]
    },
    "Microsoft.Graph": {
      "Id": "Microsoft.Graph",
      "Version": "1.12.0",
      "Dependencies": [
        {
          "Item1": "Microsoft.Graph.Core",
          "Item2": "[1.12.0, )"
        },
        {
          "Item1": "Newtonsoft.Json",
          "Item2": "[6.0.1, 12.0.0)"
        }
      ]
    },
    "Microsoft.Graph.Core": {
      "Id": "Microsoft.Graph.Core",
      "Version": "1.12.0",
      "Dependencies": [
        {
          "Item1": "Newtonsoft.Json",
          "Item2": "[6.0.1, 12.0.0)"
        }
      ]
    },
    "Microsoft.Identity.Client": {
      "Id": "Microsoft.Identity.Client",
      "Version": "2.7.1",
      "Dependencies": []
    },
    "Microsoft.Rest.ClientRuntime": {
      "Id": "Microsoft.Rest.ClientRuntime",
      "Version": "2.3.20",
      "Dependencies": [
        {
          "Item1": "Newtonsoft.Json",
          "Item2": "[10.0.3, )"
        }
      ]
    },
    "Microsoft.VisualStudio.OLE.Interop": {
      "Id": "Microsoft.VisualStudio.OLE.Interop",
      "Version": "7.10.6071",
      "Dependencies": []
    },
    "MimeKit": {
      "Id": "MimeKit",
      "Version": "2.1.3",
      "Dependencies": [
        {
          "Item1": "BouncyCastle",
          "Item2": "[1.8.2, )"
        }
      ]
    },
    "Newtonsoft.Json": {
      "Id": "Newtonsoft.Json",
      "Version": "11.0.2",
      "Dependencies": []
    },
    "NPOI": {
      "Id": "NPOI",
      "Version": "2.4.1",
      "Dependencies": [
        {
          "Item1": "SharpZipLib",
          "Item2": "[1.0.0, )"
        }
      ]
    },
    "SharpZipLib": {
      "Id": "SharpZipLib",
      "Version": "1.0.0",
      "Dependencies": []
    },
    "System.IO.FileSystem.Primitives": {
      "Id": "System.IO.FileSystem.Primitives",
      "Version": "4.0.1",
      "Dependencies": []
    },
    "System.IO.Packaging": {
      "Id": "System.IO.Packaging",
      "Version": "4.0.0",
      "Dependencies": [
        {
          "Item1": "System.IO.FileSystem.Primitives",
          "Item2": "[4.0.1, )"
        }
      ]
    },
    "System.Runtime.CompilerServices.Unsafe": {
      "Id": "System.Runtime.CompilerServices.Unsafe",
      "Version": "4.5.1",
      "Dependencies": []
    },
    "UiPath": {
      "Id": "UiPath",
      "Version": "19.10.7312.25504",
      "Dependencies": []
    },
    "UiPath.Credentials.Activities": {
      "Id": "UiPath.Credentials.Activities",
      "Version": "1.1.6479.13204",
      "Dependencies": [
        {
          "Item1": "CredentialManagement",
          "Item2": "[1.0.2, )"
        }
      ]
    },
    "UiPath.Excel.Activities": {
      "Id": "UiPath.Excel.Activities",
      "Version": "2.7.2",
      "Dependencies": [
        {
          "Item1": "ClosedXML",
          "Item2": "[0.87.1, )"
        },
        {
          "Item1": "CsvHelper",
          "Item2": "[2.13.5, )"
        },
        {
          "Item1": "DocumentFormat.OpenXml",
          "Item2": "[2.5.0, )"
        },
        {
          "Item1": "Microsoft.VisualStudio.OLE.Interop",
          "Item2": "[7.10.6071, )"
        },
        {
          "Item1": "NPOI",
          "Item2": "[2.4.1, )"
        },
        {
          "Item1": "SharpZipLib",
          "Item2": "[1.0.0, )"
        }
      ]
    },
    "UiPath.MicrosoftOffice365.Activities": {
      "Id": "UiPath.MicrosoftOffice365.Activities",
      "Version": "1.1.2",
      "Dependencies": [
        {
          "Item1": "ClosedXML",
          "Item2": "[0.94.2, )"
        },
        {
          "Item1": "Microsoft.Graph",
          "Item2": "[1.12.0, )"
        },
        {
          "Item1": "MimeKit",
          "Item2": "[2.1.3, )"
        },
        {
          "Item1": "Newtonsoft.Json",
          "Item2": "[10.0.3, )"
        },
        {
          "Item1": "System.Runtime.CompilerServices.Unsafe",
          "Item2": "[4.5.1, )"
        },
        {
          "Item1": "Microsoft.Identity.Client",
          "Item2": "[2.7.1, )"
        }
      ]
    },
    "UiPath.OCR.Contracts": {
      "Id": "UiPath.OCR.Contracts",
      "Version": "2.2.1",
      "Dependencies": []
    },
    "UiPath.System.Activities": {
      "Id": "UiPath.System.Activities",
      "Version": "19.10.1",
      "Dependencies": [
        {
          "Item1": "CsvHelper",
          "Item2": "[2.13.5, )"
        },
        {
          "Item1": "Microsoft.AspNet.SignalR.Client",
          "Item2": "[2.4.0, )"
        },
        {
          "Item1": "Microsoft.Rest.ClientRuntime",
          "Item2": "[2.3.20, )"
        },
        {
          "Item1": "Newtonsoft.Json",
          "Item2": "[11.0.2, )"
        }
      ]
    },
    "UiPath.UIAutomation.Activities": {
      "Id": "UiPath.UIAutomation.Activities",
      "Version": "19.11.1",
      "Dependencies": [
        {
          "Item1": "UiPath",
          "Item2": "[19.10.7312.25504, )"
        },
        {
          "Item1": "UiPath.Vision",
          "Item2": "[2.0.0, )"
        },
        {
          "Item1": "UiPath.OCR.Contracts",
          "Item2": "[2.2.1, )"
        },
        {
          "Item1": "AvalonEdit",
          "Item2": "[5.0.3, )"
        },
        {
          "Item1": "Extended.Wpf.Toolkit",
          "Item2": "[2.8.0, )"
        },
        {
          "Item1": "Humanizer.Core",
          "Item2": "[2.4.2, )"
        },
        {
          "Item1": "Newtonsoft.Json",
          "Item2": "[11.0.2, )"
        }
      ]
    },
    "UiPath.Vision": {
      "Id": "UiPath.Vision",
      "Version": "2.0.0",
      "Dependencies": [
        {
          "Item1": "UiPath.OCR.Contracts",
          "Item2": "[2.2.1, )"
        }
      ]
    }
  }
}