{"ProjectBreakpoints":"{\"Value\":{}}","ProjectWatches":"{\"Value\":[]}","OpenedDocuments":"[\"System1/Navigate_Dashboard.xaml\",\"System1/Update_WorkItem.xaml\",\"System1/System1_NavigateTo_WIDetails.xaml\",\"System1/System1_ExtractClientInformation.xaml\",\"SHA1_Online/SHA1_Close.xaml\",\"SHA1_Online/SHA1Online_GetHashCode.xaml\",\"Process.xaml\",\"Framework/InitAllSettings.xaml\",\"Framework/KillAllProcesses.xaml\",\"System1/Negative_Workitems.xaml\",\"System1/Extract_Workitems.xaml\",\"System1/System1_Close.xaml\",\"Framework/GetAppCredentials.xaml\",\"System1/System1_Login.xaml\",\"SHA1_Online/SHA1_Open.xaml\",\"Framework/InitAllApplications.xaml\",\"Framework/GetTransactionData.xaml\",\"Main.xaml\"]"}